"ID","Response","obs","Mean","Low","High","p_UB_Anova","SubGroup","TopGroup"
"1","BiomassCash_C","272","0.0955975843187918","0.0535411060177309","0.136735278588215",NA,"All data","All data"
"2","Yield_C","1539","0.053834766067555","0.0292848591826648","0.0788085847121265",NA,"All data","All data"
"3","BD_C","700","-0.0112638904894726","-0.0151547461965685","-0.00739731528604594",NA,"All data","All data"
"4","OC_C","1195","0.0839910701397861","0.0744027040498867","0.09400004204615",NA,"All data","All data"
"5","N_C","1249","-0.0159959867268376","-0.0434680092321003","0.0124227463874519",NA,"All data","All data"
"6","P_C","331","0.0340152570384121","-0.0265275125734356","0.0951373633197558",NA,"All data","All data"
"7","K_C","181","0.0103905975232767","-0.0423926413904939","0.0629779033137318",NA,"All data","All data"
"8","pH_C","251","0.0105171730030681","0.00251551767366033","0.0183539440740435",NA,"All data","All data"
"9","CEC_C","83","0.0856678339859307","0.0423677044975422","0.128060075776599",NA,"All data","All data"
"10","EC_C","51","0.0772317601294661","-0.0592076171563718","0.208181601747169",NA,"All data","All data"
"11","BS_C","10","-0.0387416458369534","-0.116434082344905","0.037061313524707",NA,"All data","All data"
"12","Aggre_C","262","0.125957985421655","0.0888412750277602","0.161761870062647",NA,"All data","All data"
"13","Porosity_C","85","0.102656801161159","0.0127086166353208","0.196779228230805",NA,"All data","All data"
"14","Penetration_C","156","0.0578332129352576","0.0208731730600044","0.0940152627735346",NA,"All data","All data"
"15","Infiltration_C","42","0.556225656010539","0.361640363544176","0.743412926412871",NA,"All data","All data"
"16","Ksat_C","58","0.846646088212557","0.511601249661555","1.19266963738773",NA,"All data","All data"
"17","Erosion_C","86","-1.39298418452638","-1.70210458196477","-1.09219332223744",NA,"All data","All data"
"18","Runoff_C","122","-1.32391916603823","-1.5509984364569","-1.09773717598589",NA,"All data","All data"
"19","Leaching_C","267","-0.963549949797615","-1.14812555376012","-0.776219470296566",NA,"All data","All data"
"20","ST_C","45","-0.0567690424610059","-0.083405896504193","-0.0303021217964918",NA,"All data","All data"
"21","SWC_C","452","0.00804480408544819","-0.0130934792996828","0.028955355424789",NA,"All data","All data"
"22","AWHC_C","75","-0.0979845305715314","-0.14906969819458","-0.0493137323052245",NA,"All data","All data"
"23","Weed_C","281","-0.598649820840166","-0.78535601944841","-0.411170052792814",NA,"All data","All data"
"24","Diseases_C","20","-0.365943983111365","-0.549352005196131","-0.178172006345065",NA,"All data","All data"
"25","Pests_C","57","0.00248807739945189","-0.195366701450091","0.200087892649311",NA,"All data","All data"
"26","SoilFauna_C","54","0.317954910192141","0.141699557672124","0.494908593104455",NA,"All data","All data"
"27","Fungal_C","96","0.388001387594072","0.300514931803929","0.480363534039395",NA,"All data","All data"
"28","OtherMicrobial_C","174","0.186337217062556","0.142980309570932","0.230662881646809",NA,"All data","All data"
"29","Enzyme_C","166","0.137724563418126","0.0963209480784966","0.176765154428317",NA,"All data","All data"
"30","Cmina_C","120","0.134370684849938","0.095070087440508","0.174180012385177",NA,"All data","All data"
"31","Nmina_C","288","0.184994469200763","0.132262012852857","0.236590922922224",NA,"All data","All data"
"32","NxO_C","30","0.334484746955096","0.125448336450526","0.540948228166043",NA,"All data","All data"
"33","SIR_C","17","-0.191261612053154","-0.253363380809386","-0.129132960256114",NA,"All data","All data"
"34","CO2BTest_C","106","0.103579003742205","0.0335670518253854","0.175775827756336",NA,"All data","All data"
"35","CO2_C","43","0.317623296956189","0.180279738515594","0.456036100838673",NA,"All data","All data"
"36","CH4_C","25","0.692637449113567","0.506415939679328","0.876922871176493",NA,"All data","All data"
"37","MBC_C","317","0.23515100245605","0.193606399741609","0.279647088901461",NA,"All data","All data"
"38","MBN_C","183","0.233519734889088","0.184886120068537","0.282890205891864",NA,"All data","All data"
"1","BiomassCash_C","100","0.235860090995313","0.14930329993545","0.323824356515209","0","Tropical","Climate"
"1","BiomassCash_C","10","-0.162730877225545","-0.53279582879216","0.18185704294143","0","Arid","Climate"
"1","BiomassCash_C","106","0.00737836342186442","-0.0194462320975928","0.0333441178884581","0","Temperate","Climate"
"1","BiomassCash_C","56","0.056139616591859","-0.0208084839121376","0.12971934847559","0","Boreal","Climate"
"2","Yield_C","517","0.16469928480361","0.114488613736624","0.216716604567849","0","Tropical","Climate"
"2","Yield_C","30","-0.290608269206436","-0.391479223112531","-0.189559745164816","0","Arid","Climate"
"2","Yield_C","686","0.0217537648992432","-0.0123319214191071","0.0549773775338176","0","Temperate","Climate"
"2","Yield_C","306","-0.030541922872772","-0.0735557452529115","0.0131902879201111","0","Boreal","Climate"
"3","BD_C","40","-0.00941814845114787","-0.028599131681812","0.00905515180571318","0.0124","Tropical","Climate"
"3","BD_C","33","-0.0381251880085536","-0.0644662055577254","-0.0118221946060772","0.0124","Arid","Climate"
"3","BD_C","440","-0.0114736071248124","-0.0157474839085676","-0.00697302126983012","0.0124","Temperate","Climate"
"3","BD_C","186","-0.00609989078613374","-0.014110841970752","0.00155254766075402","0.0124","Boreal","Climate"
"4","OC_C","114","0.0594629461242545","0.021721253886655","0.0977425652267409","0.007","Tropical","Climate"
"4","OC_C","40","0.164610659843666","0.109993024436593","0.22354006601501","0.007","Arid","Climate"
"4","OC_C","761","0.0869004128160475","0.0744107321871449","0.099433730331907","0.007","Temperate","Climate"
"4","OC_C","280","0.0751026458844982","0.058559210586903","0.092340120943478","0.007","Boreal","Climate"
"5","N_C","130","0.120382173503524","0.0738701166263418","0.168343320232018","0","Tropical","Climate"
"5","N_C","67","-0.267026380669475","-0.379863161739654","-0.157079831300774","0","Arid","Climate"
"5","N_C","546","0.0594325796011168","0.012707102632074","0.104502087779303","0","Temperate","Climate"
"5","N_C","506","-0.0979956362552541","-0.139293486836223","-0.056314301777882","0","Boreal","Climate"
"6","P_C","86","-0.0918204287682693","-0.190229464569341","0.0057473184103591","0.0943","Tropical","Climate"
"6","P_C","16","0.179295938104964","0.00285197684425524","0.352230672102294","0.0943","Arid","Climate"
"6","P_C","80","0.0533574734728905","-0.0617763336946772","0.172083314835666","0.0943","Temperate","Climate"
"6","P_C","149","0.0819549675741538","-0.0190522456401116","0.183486640806418","0.0943","Boreal","Climate"
"7","K_C","14","0.224159613042595","0.0195550224278781","0.425781502814883","1e-04","Tropical","Climate"
"7","K_C","22","0.207303460729985","0.0685752465687774","0.345313284034604","1e-04","Arid","Climate"
"7","K_C","64","0.0540658659532935","-0.0384908694626473","0.14531886299542","1e-04","Temperate","Climate"
"7","K_C","81","-0.109192543605179","-0.173935777726705","-0.0433813214017069","1e-04","Boreal","Climate"
"8","pH_C","25","0.0515570936979632","0.0100518317413837","0.0916059647726109","4e-04","Tropical","Climate"
"8","pH_C","17","-0.0219023346708096","-0.0377930607791006","-0.00553572618550833","4e-04","Arid","Climate"
"8","pH_C","104","0.000255594319876794","-0.011312755786919","0.0118477268307051","4e-04","Temperate","Climate"
"8","pH_C","105","0.0170031156422116","0.00758804524545845","0.0264145718859281","4e-04","Boreal","Climate"
"9","CEC_C","8","0.266810321135578","0.172384211137228","0.364138044822089","0.0794","Tropical","Climate"
"9","CEC_C","13","0.0843878927184048","0.0306025229076221","0.140438839041231","0.0794","Arid","Climate"
"9","CEC_C","47","0.0687235219814767","0.0114694506634626","0.126617664774833","0.0794","Temperate","Climate"
"9","CEC_C","15","0.0486537368980836","-0.070556476338374","0.164481008241121","0.0794","Boreal","Climate"
"10","EC_C","0",NA,NA,NA,"0.6468","Tropical","Climate"
"10","EC_C","17","0.149544644279826","-0.0960934581875455","0.398796386515015","0.6468","Arid","Climate"
"10","EC_C","25","0.014706848118337","-0.152505695419285","0.179984394148582","0.6468","Temperate","Climate"
"10","EC_C","9","0.145997266127115","-0.202210765311209","0.493197264953768","0.6468","Boreal","Climate"
"11","BS_C","4","-0.158958887170799","-0.227308807612846","-0.0906089667287514","0.0023","Tropical","Climate"
"11","BS_C","0",NA,NA,NA,"0.0023","Arid","Climate"
"11","BS_C","6","0.0525239397405919","-0.00038952143511269","0.105437400916296","0.0023","Temperate","Climate"
"11","BS_C","0",NA,NA,NA,"0.0023","Boreal","Climate"
"12","Aggre_C","0",NA,NA,NA,"0.0178","Tropical","Climate"
"12","Aggre_C","31","0.0423427564701505","-0.10326670667604","0.191862250259963","0.0178","Arid","Climate"
"12","Aggre_C","116","0.183743263860071","0.123112043037241","0.245997129380306","0.0178","Temperate","Climate"
"12","Aggre_C","115","0.0925124548586976","0.0581577751234656","0.126957820138727","0.0178","Boreal","Climate"
"13","Porosity_C","0",NA,NA,NA,"0.9618","Tropical","Climate"
"13","Porosity_C","4","0.111630072837046","0.0119808251308324","0.21127932054326","0.9618","Arid","Climate"
"13","Porosity_C","49","0.11586971809636","-0.0108315026148259","0.243153813244855","0.9618","Temperate","Climate"
"13","Porosity_C","32","0.10789321052149","-0.0304921251463906","0.249633009790683","0.9618","Boreal","Climate"
"14","Penetration_C","0",NA,NA,NA,"0.5284","Tropical","Climate"
"14","Penetration_C","0",NA,NA,NA,"0.5284","Arid","Climate"
"14","Penetration_C","52","0.079784341062013","-0.00164310408983267","0.163693769447191","0.5284","Temperate","Climate"
"14","Penetration_C","104","0.0483544319325097","0.0138659517127409","0.0838585458701307","0.5284","Boreal","Climate"
"15","Infiltration_C","10","0.50296166636984","0.361254094491159","0.64095137767985","0.897","Tropical","Climate"
"15","Infiltration_C","0",NA,NA,NA,"0.897","Arid","Climate"
"15","Infiltration_C","25","0.589487688010272","0.401480539346866","0.76795476967021","0.897","Temperate","Climate"
"15","Infiltration_C","7","0.544649889225987","-0.354794878383115","1.46988057033955","0.897","Boreal","Climate"
"16","Ksat_C","0",NA,NA,NA,"0.0315","Tropical","Climate"
"16","Ksat_C","4","0.0473474176405814","-0.183213497509246","0.277908332790409","0.0315","Arid","Climate"
"16","Ksat_C","46","1.07286112815382","0.680724962748738","1.46981203222996","0.0315","Temperate","Climate"
"16","Ksat_C","8","-0.0334083172013395","-0.61025119055861","0.597498907758306","0.0315","Boreal","Climate"
"17","Erosion_C","0",NA,NA,NA,"0.0363","Tropical","Climate"
"17","Erosion_C","4","-1.04406030394557","-1.4265040598836","-0.661616548007542","0.0363","Arid","Climate"
"17","Erosion_C","72","-1.53265843992639","-1.87971774753374","-1.19400762881256","0.0363","Temperate","Climate"
"17","Erosion_C","7","-0.126592411398871","-0.4596561839339","0.210527057425822","0.0363","Boreal","Climate"
"18","Runoff_C","0",NA,NA,NA,NA,"Tropical","Climate"
"18","Runoff_C","0",NA,NA,NA,NA,"Arid","Climate"
"18","Runoff_C","120","-1.32146584269692","-1.55249645788272","-1.10559922904548",NA,"Temperate","Climate"
"18","Runoff_C","0",NA,NA,NA,NA,"Boreal","Climate"
"19","Leaching_C","2","0.11829745673578","-0.0774883282561754","0.314083241727734","0.3545","Tropical","Climate"
"19","Leaching_C","0",NA,NA,NA,"0.3545","Arid","Climate"
"19","Leaching_C","212","-0.92039134384851","-1.14231522858614","-0.698487019833088","0.3545","Temperate","Climate"
"19","Leaching_C","53","-1.18655200253336","-1.49931294791156","-0.877095588033904","0.3545","Boreal","Climate"
"20","ST_C","0",NA,NA,NA,"0.0676","Tropical","Climate"
"20","ST_C","0",NA,NA,NA,"0.0676","Arid","Climate"
"20","ST_C","22","-0.0854933753485015","-0.106002704936154","-0.0645247894872039","0.0676","Temperate","Climate"
"20","ST_C","23","-0.0300732184187664","-0.074556604881949","0.0149112335168427","0.0676","Boreal","Climate"
"21","SWC_C","8","0.060323796053595","0.0208718847690302","0.098759764567701","0","Tropical","Climate"
"21","SWC_C","30","-0.217781681917759","-0.271939806483531","-0.162092481701734","0","Arid","Climate"
"21","SWC_C","220","0.0426623475567459","0.0137662922366832","0.0724930495477453","0","Temperate","Climate"
"21","SWC_C","194","-0.00104570792087463","-0.0323117909700105","0.0296176156757938","0","Boreal","Climate"
"22","AWHC_C","1","0","0","0","0","Tropical","Climate"
"22","AWHC_C","18","-0.332741513671429","-0.379202032273679","-0.285435118708957","0","Arid","Climate"
"22","AWHC_C","13","-0.0593722703777107","-0.160425476465358","0.0396555179686301","0","Temperate","Climate"
"22","AWHC_C","43","-0.0157452259748434","-0.0753812157012089","0.0439548804639993","0","Boreal","Climate"
"23","Weed_C","6","-0.739975496281295","-1.10404605745197","-0.374983722386569","0.092","Tropical","Climate"
"23","Weed_C","0",NA,NA,NA,"0.092","Arid","Climate"
"23","Weed_C","97","-0.314795442219189","-0.678624826915735","0.0491924593155924","0.092","Temperate","Climate"
"23","Weed_C","178","-0.754501749894809","-0.968241447413209","-0.539195027277332","0.092","Boreal","Climate"
"24","Diseases_C","0",NA,NA,NA,"0.0872","Tropical","Climate"
"24","Diseases_C","0",NA,NA,NA,"0.0872","Arid","Climate"
"24","Diseases_C","16","-0.44971534261083","-0.663491395840576","-0.238262328052385","0.0872","Temperate","Climate"
"24","Diseases_C","4","-0.0157772911582153","-0.0464065527885655","0.0148519704721348","0.0872","Boreal","Climate"
"25","Pests_C","0",NA,NA,NA,"0.7209","Tropical","Climate"
"25","Pests_C","0",NA,NA,NA,"0.7209","Arid","Climate"
"25","Pests_C","53","-0.00949562204036596","-0.218851570568092","0.196025506966965","0.7209","Temperate","Climate"
"25","Pests_C","4","0.197519664542869","-0.185285593193751","0.580324922279488","0.7209","Boreal","Climate"
"26","SoilFauna_C","0",NA,NA,NA,"0.0283","Tropical","Climate"
"26","SoilFauna_C","0",NA,NA,NA,"0.0283","Arid","Climate"
"26","SoilFauna_C","29","0.511010166768914","0.236331568131443","0.780594050829684","0.0283","Temperate","Climate"
"26","SoilFauna_C","25","0.098560407135931","-0.0825205963542546","0.274695303023102","0.0283","Boreal","Climate"
"27","Fungal_C","7","0.763074770992044","0.533401295975939","0.997604665574534","0.0414","Tropical","Climate"
"27","Fungal_C","0",NA,NA,NA,"0.0414","Arid","Climate"
"27","Fungal_C","39","0.323475907945448","0.210555780002081","0.434382144675637","0.0414","Temperate","Climate"
"27","Fungal_C","50","0.392418904898359","0.257643483003555","0.526273620065131","0.0414","Boreal","Climate"
"28","OtherMicrobial_C","7","0.600298953600471","0.500371285251281","0.696378659999558","0","Tropical","Climate"
"28","OtherMicrobial_C","0",NA,NA,NA,"0","Arid","Climate"
"28","OtherMicrobial_C","95","0.241262747599538","0.167917035873293","0.314029773811275","0","Temperate","Climate"
"28","OtherMicrobial_C","72","0.0749420522399026","0.0628862840977744","0.0867226290690064","0","Boreal","Climate"
"29","Enzyme_C","7","0.620499472793973","0.530290477343742","0.716231914311345","0","Tropical","Climate"
"29","Enzyme_C","0",NA,NA,NA,"0","Arid","Climate"
"29","Enzyme_C","125","0.132229959050813","0.0841521528840411","0.17909719165216","0","Temperate","Climate"
"29","Enzyme_C","34","0.0572006323898394","0.0286989094304309","0.0850248604538733","0","Boreal","Climate"
"30","Cmina_C","0",NA,NA,NA,"0.001","Tropical","Climate"
"30","Cmina_C","0",NA,NA,NA,"0.001","Arid","Climate"
"30","Cmina_C","42","0.226974737201273","0.127694812049616","0.323580138141927","0.001","Temperate","Climate"
"30","Cmina_C","78","0.0852985137220902","0.0585678048555106","0.112151033807112","0.001","Boreal","Climate"
"31","Nmina_C","14","0.103842781735354","-0.0714872940223324","0.281447468122047","0.0772","Tropical","Climate"
"31","Nmina_C","31","0.285670731327339","0.0431262044730477","0.527463520825624","0.0772","Arid","Climate"
"31","Nmina_C","128","0.237158812627338","0.178219703138278","0.295039989791874","0.0772","Temperate","Climate"
"31","Nmina_C","115","0.107723912757781","0.0198027146130881","0.196824438918353","0.0772","Boreal","Climate"
"32","NxO_C","0",NA,NA,NA,"0.446","Tropical","Climate"
"32","NxO_C","0",NA,NA,NA,"0.446","Arid","Climate"
"32","NxO_C","26","0.360694229029881","0.121490165320196","0.601688944447858","0.446","Temperate","Climate"
"32","NxO_C","4","0.126734371435943","-0.00337390306905672","0.256842645940942","0.446","Boreal","Climate"
"33","SIR_C","0",NA,NA,NA,NA,"Tropical","Climate"
"33","SIR_C","0",NA,NA,NA,NA,"Arid","Climate"
"33","SIR_C","17","-0.191676139127079","-0.252770651131899","-0.127948831961864",NA,"Temperate","Climate"
"33","SIR_C","0",NA,NA,NA,NA,"Boreal","Climate"
"34","CO2BTest_C","0",NA,NA,NA,"0.5579","Tropical","Climate"
"34","CO2BTest_C","8","0.0651419084209199","-0.27504022709385","0.404380095215195","0.5579","Arid","Climate"
"34","CO2BTest_C","30","0.0417189106325708","-0.146774366589731","0.228615944143318","0.5579","Temperate","Climate"
"34","CO2BTest_C","68","0.136239834621102","0.0753054085337949","0.196860058704512","0.5579","Boreal","Climate"
"35","CO2_C","0",NA,NA,NA,"0.4049","Tropical","Climate"
"35","CO2_C","0",NA,NA,NA,"0.4049","Arid","Climate"
"35","CO2_C","33","0.286643749438885","0.144160932401097","0.425404494869862","0.4049","Temperate","Climate"
"35","CO2_C","10","0.438822235289302","0.104703787345929","0.774014282521551","0.4049","Boreal","Climate"
"36","CH4_C","0",NA,NA,NA,"0","Tropical","Climate"
"36","CH4_C","0",NA,NA,NA,"0","Arid","Climate"
"36","CH4_C","21","0.528936424588256","0.411549343677652","0.643509760990094","0","Temperate","Climate"
"36","CH4_C","4","1.39352248511764","0.892310440651812","1.89473452958348","0","Boreal","Climate"
"37","MBC_C","6","0.390296785121055","0.216139076290074","0.556009539050483","5e-04","Tropical","Climate"
"37","MBC_C","16","0.228246987786648","0.080775345411153","0.366026214709427","5e-04","Arid","Climate"
"37","MBC_C","136","0.133159861356708","0.0730151458978105","0.1937805393129","5e-04","Temperate","Climate"
"37","MBC_C","159","0.32187429290072","0.258248684368848","0.385069174201832","5e-04","Boreal","Climate"
"38","MBN_C","0",NA,NA,NA,"0.1601","Tropical","Climate"
"38","MBN_C","22","0.108865605127849","-0.0767222410988111","0.292431239633246","0.1601","Arid","Climate"
"38","MBN_C","87","0.230494581019884","0.151970418088808","0.305867482404258","0.1601","Temperate","Climate"
"38","MBN_C","74","0.274952104203362","0.217846638420099","0.331362042914935","0.1601","Boreal","Climate"
"1","BiomassCash_C","39","0.249431446049298","0.063371086540614","0.439026809934583","3e-04","Coarse","Texture"
"1","BiomassCash_C","119","0.0259751060521439","-0.00960980430750868","0.0607836197300321","3e-04","Medium","Texture"
"1","BiomassCash_C","70","0.18777471109816","0.0994802594071493","0.275790891163303","3e-04","Fine","Texture"
"2","Yield_C","405","0.115224474505789","0.0553641001266284","0.175210344911539","0.0023","Coarse","Texture"
"2","Yield_C","555","0.017341727741311","-0.00846018249169","0.0427621018006","0.0023","Medium","Texture"
"2","Yield_C","267","0.0162188297232031","-0.037422804779302","0.071450691946907","0.0023","Fine","Texture"
"3","BD_C","237","-0.00743217137731379","-0.0114036189827815","-0.00335506853208038","0.0023","Coarse","Texture"
"3","BD_C","358","-0.00998746775134855","-0.0155195970785947","-0.0044830681336657","0.0023","Medium","Texture"
"3","BD_C","50","-0.0322068068425118","-0.0438792085268017","-0.0211370171781924","0.0023","Fine","Texture"
"4","OC_C","375","0.0880431456987975","0.0725598982760936","0.104175174063569","0.0098","Coarse","Texture"
"4","OC_C","488","0.0818215536588933","0.0668111055430591","0.096862063632248","0.0098","Medium","Texture"
"4","OC_C","163","0.129195030041662","0.0957406985430711","0.162174925863825","0.0098","Fine","Texture"
"5","N_C","294","0.1565996169272","0.11364313218421","0.196803988482567","0","Coarse","Texture"
"5","N_C","634","-0.133119404894808","-0.179164224007085","-0.0859031227929419","0","Medium","Texture"
"5","N_C","154","0.124181698277012","0.0660243850575746","0.183315080429928","0","Fine","Texture"
"6","P_C","48","-0.0664165800834108","-0.193554184418004","0.0628757486704565","0.0073","Coarse","Texture"
"6","P_C","139","0.0433523564845665","-0.0215784961293925","0.109427892881586","0.0073","Medium","Texture"
"6","P_C","45","0.311390675971576","0.0295801810866072","0.597589970012865","0.0073","Fine","Texture"
"7","K_C","46","0.0487861018225054","-0.0754933118103828","0.163389253895638","0.0124","Coarse","Texture"
"7","K_C","90","-0.0691448948883147","-0.136585077870434","0.000335987524128649","0.0124","Medium","Texture"
"7","K_C","13","0.221619890762265","0.0852542916921484","0.357082666648047","0.0124","Fine","Texture"
"8","pH_C","44","0.000592346636928108","-0.0159511774951047","0.0168347798251788","0.0277","Coarse","Texture"
"8","pH_C","111","0.0077179593016502","-0.00083754379110093","0.0161960621384773","0.0277","Medium","Texture"
"8","pH_C","44","0.0356716173125896","0.00656342191436281","0.0641159290654629","0.0277","Fine","Texture"
"9","CEC_C","20","0.242467618402822","0.16585283003594","0.319402160308082","0","Coarse","Texture"
"9","CEC_C","22","0.00134916495788014","-0.0739097175275899","0.07437225382902","0","Medium","Texture"
"9","CEC_C","16","-0.00137128619880957","-0.080842900561488","0.0757666757708258","0","Fine","Texture"
"10","EC_C","4","-0.228260358952242","-0.660335891760154","0.20381517385567","0.1528","Coarse","Texture"
"10","EC_C","15","0.228495344121293","-0.0454030045435398","0.507072552074861","0.1528","Medium","Texture"
"10","EC_C","6","-0.230339479389178","-0.551937823543339","0.0707325998686793","0.1528","Fine","Texture"
"11","BS_C","0",NA,NA,NA,"0.1073","Coarse","Texture"
"11","BS_C","3","0.0823964422080338","-0.016205045447379","0.180997929863447","0.1073","Medium","Texture"
"11","BS_C","7","-0.0851699588504694","-0.167983943443517","0.000127464190963909","0.1073","Fine","Texture"
"12","Aggre_C","35","-0.0323349470265454","-0.100629007203645","0.036773648345438","0","Coarse","Texture"
"12","Aggre_C","178","0.137968237681387","0.0930130717378967","0.182439691539832","0","Medium","Texture"
"12","Aggre_C","28","0.326722389637793","0.206455229667151","0.4480797492976","0","Fine","Texture"
"13","Porosity_C","10","0.254741453720061","0.0139363204738927","0.501798725923303","0.25","Coarse","Texture"
"13","Porosity_C","72","0.0841442843385703","-0.0158874256410411","0.183029012379777","0.25","Medium","Texture"
"13","Porosity_C","0",NA,NA,NA,"0.25","Fine","Texture"
"14","Penetration_C","4","-0.0944167728721456","-0.128581663603444","-0.0602518821408477","0.2755","Coarse","Texture"
"14","Penetration_C","144","0.0647471167753661","0.0265727781732406","0.102365295228108","0.2755","Medium","Texture"
"14","Penetration_C","4","0.165385257278159","0.141705473252009","0.189065041304308","0.2755","Fine","Texture"
"15","Infiltration_C","10","0.478250570988722","0.306073501081027","0.655958782924204","0.7165","Coarse","Texture"
"15","Infiltration_C","21","0.63400443811043","0.268321334040902","1.00826540276605","0.7165","Medium","Texture"
"15","Infiltration_C","11","0.449247373446062","0.374167700332214","0.525305290316866","0.7165","Fine","Texture"
"16","Ksat_C","3","0.0425188213025853","-0.0369841842795227","0.122021826884693","0.2884","Coarse","Texture"
"16","Ksat_C","55","0.889893322843549","0.539420212696199","1.23813827165578","0.2884","Medium","Texture"
"16","Ksat_C","0",NA,NA,NA,"0.2884","Fine","Texture"
"17","Erosion_C","0",NA,NA,NA,"0.1653","Coarse","Texture"
"17","Erosion_C","68","-1.41906819630237","-1.77406204649772","-1.07123979715399","0.1653","Medium","Texture"
"17","Erosion_C","3","-0.212088908520159","-0.654925967739748","0.230748150699429","0.1653","Fine","Texture"
"18","Runoff_C","0",NA,NA,NA,"0.6684","Coarse","Texture"
"18","Runoff_C","103","-1.38662404444353","-1.64232489652243","-1.13312232930121","0.6684","Medium","Texture"
"18","Runoff_C","2","-1.79137351783876","-1.81915844341617","-1.76358859226136","0.6684","Fine","Texture"
"19","Leaching_C","27","-0.284269646152733","-0.4265734571776","-0.142553412136164","0.0228","Coarse","Texture"
"19","Leaching_C","185","-1.21504881404115","-1.46985529856859","-0.957186617440119","0.0228","Medium","Texture"
"19","Leaching_C","4","-0.61774497648817","-1.10497716488539","-0.130512788090947","0.0228","Fine","Texture"
"20","ST_C","0",NA,NA,NA,"0.1729","Coarse","Texture"
"20","ST_C","41","-0.0525401284007226","-0.0799699471496661","-0.0257237952888673","0.1729","Medium","Texture"
"20","ST_C","2","-0.146491076995036","-0.199019683284615","-0.0939624707054567","0.1729","Fine","Texture"
"21","SWC_C","28","-0.00743314420889201","-0.0803540683158063","0.0652032983178268","0.7969","Coarse","Texture"
"21","SWC_C","381","0.00483041469870716","-0.0172591372312749","0.027124309942643","0.7969","Medium","Texture"
"21","SWC_C","42","0.0296024093946364","-0.0446417718722612","0.107176067997758","0.7969","Fine","Texture"
"22","AWHC_C","0",NA,NA,NA,"0.6566","Coarse","Texture"
"22","AWHC_C","68","-0.100113574146122","-0.153394092883504","-0.0479478494012069","0.6566","Medium","Texture"
"22","AWHC_C","1","0","0","0","0.6566","Fine","Texture"
"23","Weed_C","22","-1.64868379172021","-2.03008684903238","-1.25376956905267","2e-04","Coarse","Texture"
"23","Weed_C","220","-0.580494301287842","-0.750696455911853","-0.408247891852773","2e-04","Medium","Texture"
"23","Weed_C","0",NA,NA,NA,"2e-04","Fine","Texture"
"24","Diseases_C","0",NA,NA,NA,NA,"Coarse","Texture"
"24","Diseases_C","9","-0.493117129044782","-0.877312181625758","-0.124428102074737",NA,"Medium","Texture"
"24","Diseases_C","0",NA,NA,NA,NA,"Fine","Texture"
"25","Pests_C","4","0.197519664542869","-0.185285593193751","0.580324922279488","0.2635","Coarse","Texture"
"25","Pests_C","20","0.563074786890687","0.264460270284998","0.868130432799057","0.2635","Medium","Texture"
"25","Pests_C","0",NA,NA,NA,"0.2635","Fine","Texture"
"26","SoilFauna_C","16","0.0223597181565623","-0.193080223425251","0.23178829786677","0.0322","Coarse","Texture"
"26","SoilFauna_C","25","0.523540320668621","0.215809901518509","0.834307438238431","0.0322","Medium","Texture"
"26","SoilFauna_C","4","0.894569579634938","0.382952751425049","1.40618640784483","0.0322","Fine","Texture"
"27","Fungal_C","6","0.24146524107721","0.0603817966805501","0.424739159636388","0","Coarse","Texture"
"27","Fungal_C","46","0.190027704952227","0.0861018232979644","0.293525864838166","0","Medium","Texture"
"27","Fungal_C","44","0.62947324839582","0.509894581264843","0.751370359506526","0","Fine","Texture"
"28","OtherMicrobial_C","38","0.168272665222354","0.0953035090188477","0.239379011945453","0","Coarse","Texture"
"28","OtherMicrobial_C","89","0.046769421629184","0.0163147965685845","0.077205397757917","0","Medium","Texture"
"28","OtherMicrobial_C","45","0.463686502359528","0.362116550529414","0.566206559389188","0","Fine","Texture"
"29","Enzyme_C","31","0.278169212319771","0.191769671646099","0.35952869214116","0.0033","Coarse","Texture"
"29","Enzyme_C","91","0.120119012092848","0.0711222381252143","0.167119352223503","0.0033","Medium","Texture"
"29","Enzyme_C","44","0.0788894142581227","-0.0101586242435849","0.165952623660246","0.0033","Fine","Texture"
"30","Cmina_C","13","0.189192122788869","0.0306377706745588","0.348509860800023","0.2633","Coarse","Texture"
"30","Cmina_C","89","0.136596110487731","0.0934641483452505","0.181621743247471","0.2633","Medium","Texture"
"30","Cmina_C","13","0.0343509431325769","-0.0797291713002752","0.149737579551424","0.2633","Fine","Texture"
"31","Nmina_C","104","0.0955719275844689","-0.0020769517015888","0.194224810252181","0.0501","Coarse","Texture"
"31","Nmina_C","94","0.259029886384432","0.181784562844769","0.336983315668376","0.0501","Medium","Texture"
"31","Nmina_C","62","0.174421131926714","0.065175426755674","0.28415326266334","0.0501","Fine","Texture"
"32","NxO_C","4","-0.258172893626031","-0.345271002501377","-0.171074784750685","0","Coarse","Texture"
"32","NxO_C","3","0.0491111553406132","-0.088107267510267","0.186329578191493","0","Medium","Texture"
"32","NxO_C","19","0.587255581843962","0.454350566342646","0.727649801451487","0","Fine","Texture"
"33","SIR_C","0",NA,NA,NA,NA,"Coarse","Texture"
"33","SIR_C","2","0","0","0",NA,"Medium","Texture"
"33","SIR_C","0",NA,NA,NA,NA,"Fine","Texture"
"34","CO2BTest_C","8","-0.167776429175499","-0.479125744855344","0.131823571788791","0.0731","Coarse","Texture"
"34","CO2BTest_C","65","0.145951934589854","0.0471591531936597","0.244665115297886","0.0731","Medium","Texture"
"34","CO2BTest_C","33","0.0922631535252338","0.0117920871500447","0.170141031946168","0.0731","Fine","Texture"
"35","CO2_C","10","0.0202155447552118","-0.189037363660172","0.247460252681341","0.0621","Coarse","Texture"
"35","CO2_C","18","0.468850386989123","0.258418128705304","0.685881627834466","0.0621","Medium","Texture"
"35","CO2_C","14","0.3108168127759","0.0909124749473927","0.530484300483368","0.0621","Fine","Texture"
"36","CH4_C","0",NA,NA,NA,"0.0045","Coarse","Texture"
"36","CH4_C","6","1.20384824483224","0.73984631188807","1.67171394680909","0.0045","Medium","Texture"
"36","CH4_C","16","0.569344658692394","0.441518986540386","0.698893862720723","0.0045","Fine","Texture"
"37","MBC_C","46","0.00655576555795313","-0.0876570642027565","0.101392275664441","0","Coarse","Texture"
"37","MBC_C","176","0.329188797084894","0.261018676952314","0.395049898837779","0","Medium","Texture"
"37","MBC_C","84","0.172481663657863","0.135164938908661","0.20965941702833","0","Fine","Texture"
"38","MBN_C","44","0.154260298264442","0.0784655369181638","0.230604377522747","0.0279","Coarse","Texture"
"38","MBN_C","81","0.300929969840197","0.2275259668518","0.374838931649853","0.0279","Medium","Texture"
"38","MBN_C","47","0.161345520907159","0.0559760628297455","0.262279204200321","0.0279","Fine","Texture"
"1","BiomassCash_C","25","0.0272961611651506","-0.0154443239390427","0.0691927438627783","0.345","CT","Tillage"
"1","BiomassCash_C","12","0.00792072459887632","-0.0133325942049585","0.0291706445844579","0.345","RT","Tillage"
"1","BiomassCash_C","40","0.0504821201693876","0.00134327319216617","0.0999433037440093","0.345","NT","Tillage"
"1","BiomassCash_C","195","0.120017352724489","0.0619381764286518","0.174893395061982","0.345","NotAvailable","Tillage"
"2","Yield_C","168","0.0869290580310167","0.0381737496243172","0.133921358660067","0.3092","CT","Tillage"
"2","Yield_C","11","-0.0430015840410768","-0.0873774695894622","0.00118360399107028","0.3092","RT","Tillage"
"2","Yield_C","239","0.00444058279359784","-0.0290328173381885","0.0368785566789412","0.3092","NT","Tillage"
"2","Yield_C","1121","0.0605445000770423","0.0275288227110229","0.0928401719990362","0.3092","NotAvailable","Tillage"
"3","BD_C","205","-0.00596316084139206","-0.0108643154231372","-0.000594080890210034","0.0022","CT","Tillage"
"3","BD_C","14","-0.032816422171902","-0.0876044179805504","0.0240928566432064","0.0022","RT","Tillage"
"3","BD_C","169","-0.00273146425032916","-0.010103524526685","0.00478133115929158","0.0022","NT","Tillage"
"3","BD_C","311","-0.0181083157695368","-0.0245188591157565","-0.0117698082766813","0.0022","NotAvailable","Tillage"
"4","OC_C","294","0.0776979880878329","0.0595846954333171","0.0959750655738541","0.1024","CT","Tillage"
"4","OC_C","17","0.187886045202513","0.117420182678913","0.258022142291724","0.1024","RT","Tillage"
"4","OC_C","271","0.08598205930997","0.0671136062807502","0.105641419341673","0.1024","NT","Tillage"
"4","OC_C","613","0.0836579264632625","0.0689663054569625","0.0987634289245301","0.1024","NotAvailable","Tillage"
"5","N_C","266","0.111434564304478","0.0496078178952012","0.176018233654774","0","CT","Tillage"
"5","N_C","14","0.201987745581865","0.126766740613005","0.27476636967107","0","RT","Tillage"
"5","N_C","205","-0.0853274161772705","-0.174655022852727","0.00430987051730792","0","NT","Tillage"
"5","N_C","764","-0.0455646626124967","-0.0769498862816304","-0.014506236083954","0","NotAvailable","Tillage"
"6","P_C","24","0.428245302973643","0.249238335659053","0.606817171889757","4e-04","CT","Tillage"
"6","P_C","8","0.441040498887928","0.237497674310761","0.639018690905783","4e-04","RT","Tillage"
"6","P_C","53","0.0111111397911477","-0.0740819884769632","0.0910864321819508","4e-04","NT","Tillage"
"6","P_C","246","-0.0111452527935869","-0.0876959327768593","0.0633905713887676","4e-04","NotAvailable","Tillage"
"7","K_C","16","0.31021008931924","0.147517402005643","0.476140321372411","0","CT","Tillage"
"7","K_C","13","0.307814355439513","0.120217876660109","0.490502413706265","0","RT","Tillage"
"7","K_C","50","-0.136904087809284","-0.208422050842249","-0.0636337650125212","0","NT","Tillage"
"7","K_C","102","0.00101499366306256","-0.0685760415947681","0.0701100785627699","0","NotAvailable","Tillage"
"8","pH_C","22","0.0332491570405969","0.000966221512702682","0.0642076887770544","0.3711","CT","Tillage"
"8","pH_C","14","-0.000162606291277694","-0.0121412475396283","0.0112586373323555","0.3711","RT","Tillage"
"8","pH_C","45","0.00432299251807157","-0.00748862232338472","0.0166589243598065","0.3711","NT","Tillage"
"8","pH_C","170","0.0106428194712749","0.000653904042144644","0.0202749921663185","0.3711","NotAvailable","Tillage"
"9","CEC_C","6","0.234179876078108","0.00132232113067143","0.467582176173819","0.1632","CT","Tillage"
"9","CEC_C","13","0.085393081780419","0.030393009612047","0.140686988939251","0.1632","RT","Tillage"
"9","CEC_C","6","-0.0186226556525474","-0.0428925361295727","0.00552006298707545","0.1632","NT","Tillage"
"9","CEC_C","58","0.0805899435463583","0.0294184323520636","0.132200204394492","0.1632","NotAvailable","Tillage"
"10","EC_C","14","-0.054706301142825","-0.253156258746838","0.142386958645078","0.0466","CT","Tillage"
"10","EC_C","14","0.382418258227978","0.110700555062606","0.65939343451089","0.0466","RT","Tillage"
"10","EC_C","2","0.155969525048671","0.060624621816435","0.251314428280906","0.0466","NT","Tillage"
"10","EC_C","21","-0.0464468019773832","-0.233571544648173","0.150003125360212","0.0466","NotAvailable","Tillage"
"11","BS_C","0",NA,NA,NA,NA,"CT","Tillage"
"11","BS_C","0",NA,NA,NA,NA,"RT","Tillage"
"11","BS_C","0",NA,NA,NA,NA,"NT","Tillage"
"11","BS_C","10","-0.0393503204020317","-0.11690305444787","0.0371459730475904",NA,"NotAvailable","Tillage"
"12","Aggre_C","67","0.060525574836968","0.00766679203125873","0.112855934165037","0.0641","CT","Tillage"
"12","Aggre_C","13","0.0283912508384371","-0.0105943580364031","0.0665520137681076","0.0641","RT","Tillage"
"12","Aggre_C","91","0.177505489318651","0.136561868217361","0.2189453029195","0.0641","NT","Tillage"
"12","Aggre_C","91","0.137600020498059","0.0522519215586045","0.22497556321967","0.0641","NotAvailable","Tillage"
"13","Porosity_C","29","0.126333888992279","0.0326052531006122","0.216545471070687","0.4178","CT","Tillage"
"13","Porosity_C","0",NA,NA,NA,"0.4178","RT","Tillage"
"13","Porosity_C","38","0.0480262639738318","-0.10245602042539","0.197160435349597","0.4178","NT","Tillage"
"13","Porosity_C","18","0.24586115028144","0.0132391661048184","0.481100868934313","0.4178","NotAvailable","Tillage"
"14","Penetration_C","38","0.167132529352255","0.0442194371912306","0.28884618532062","0.0078","CT","Tillage"
"14","Penetration_C","0",NA,NA,NA,"0.0078","RT","Tillage"
"14","Penetration_C","50","0.0267300627299895","-0.0219280226539396","0.0754715128765275","0.0078","NT","Tillage"
"14","Penetration_C","68","0.0202006205165115","-0.00194345151917829","0.0419948799423394","0.0078","NotAvailable","Tillage"
"15","Infiltration_C","7","0.749560254134285","-0.000322593399947494","1.53091966202221","0.0528","CT","Tillage"
"15","Infiltration_C","1","-1.0961851030105","-1.0961851030105","-1.0961851030105","0.0528","RT","Tillage"
"15","Infiltration_C","20","0.625731396275118","0.405620584000374","0.852539201866338","0.0528","NT","Tillage"
"15","Infiltration_C","14","0.480968747042289","0.360062497803807","0.600978265972604","0.0528","NotAvailable","Tillage"
"16","Ksat_C","20","-0.00660290859093227","-0.307885766298525","0.293746322982411","0","CT","Tillage"
"16","Ksat_C","0",NA,NA,NA,"0","RT","Tillage"
"16","Ksat_C","11","0.567476214449839","-0.289107724650342","1.43402852614191","0","NT","Tillage"
"16","Ksat_C","27","1.60480496356121","1.15853751094342","2.0416239532","0","NotAvailable","Tillage"
"17","Erosion_C","1","-0.214048821408328","-0.214048821408328","-0.214048821408328","0","CT","Tillage"
"17","Erosion_C","1","-0.185899378141837","-0.185899378141837","-0.185899378141837","0","RT","Tillage"
"17","Erosion_C","12","0.408181295314551","-0.216181200665944","1.02513386208379","0","NT","Tillage"
"17","Erosion_C","69","-1.74345740355314","-2.03100531543676","-1.45839607067418","0","NotAvailable","Tillage"
"18","Runoff_C","5","-0.12651436548557","-0.192256150726967","-0.0546300676026856","1e-04","CT","Tillage"
"18","Runoff_C","0",NA,NA,NA,"1e-04","RT","Tillage"
"18","Runoff_C","14","-0.278673596106176","-0.639103962444516","0.0705183096454456","1e-04","NT","Tillage"
"18","Runoff_C","101","-1.52762920805416","-1.76837283163056","-1.28558909808948","1e-04","NotAvailable","Tillage"
"19","Leaching_C","18","-0.293838251628986","-0.472167347646387","-0.115932956033697","0","CT","Tillage"
"19","Leaching_C","1","-0.209720530982069","-0.209720530982069","-0.209720530982069","0","RT","Tillage"
"19","Leaching_C","80","-1.87208504094841","-2.32921491808603","-1.4111156750734","0","NT","Tillage"
"19","Leaching_C","168","-0.60952043882041","-0.772902582796262","-0.449553010151335","0","NotAvailable","Tillage"
"20","ST_C","18","-0.0117532512505113","-0.0633890315061728","0.039839544762784","0.0872","CT","Tillage"
"20","ST_C","1","-0.105360515657826","-0.105360515657826","-0.105360515657826","0.0872","RT","Tillage"
"20","ST_C","18","-0.0929161777847464","-0.115447445473857","-0.070537566323276","0.0872","NT","Tillage"
"20","ST_C","8","-0.074340331693067","-0.116308365065307","-0.0331062749069224","0.0872","NotAvailable","Tillage"
"21","SWC_C","51","0.0581521073943497","0.00745172923430352","0.109116435261065","0.0129","CT","Tillage"
"21","SWC_C","1","0.117783035656383","0.117783035656383","0.117783035656383","0.0129","RT","Tillage"
"21","SWC_C","91","-0.0571229164189721","-0.10094741851749","-0.015082106837457","0.0129","NT","Tillage"
"21","SWC_C","309","0.017750362812052","-0.00821242303710369","0.0438303702480165","0.0129","NotAvailable","Tillage"
"22","AWHC_C","22","-0.228370969666422","-0.332553993926179","-0.124933973599278","0.0025","CT","Tillage"
"22","AWHC_C","1","0.105360515657826","0.105360515657826","0.105360515657826","0.0025","RT","Tillage"
"22","AWHC_C","7","0.0332599625459417","0.0128191227299986","0.0535622176564982","0.0025","NT","Tillage"
"22","AWHC_C","45","-0.056619228453285","-0.11228342147736","-0.00139649508922303","0.0025","NotAvailable","Tillage"
"23","Weed_C","22","-1.78480580173946","-2.14337036604537","-1.42955852439046","0","CT","Tillage"
"23","Weed_C","0",NA,NA,NA,"0","RT","Tillage"
"23","Weed_C","74","-0.0319590825245109","-0.271650022194503","0.211971549451527","0","NT","Tillage"
"23","Weed_C","185","-0.680065141828849","-0.931126725503244","-0.42708898410248","0","NotAvailable","Tillage"
"24","Diseases_C","0",NA,NA,NA,"0.0872","CT","Tillage"
"24","Diseases_C","0",NA,NA,NA,"0.0872","RT","Tillage"
"24","Diseases_C","4","-0.0157772911582153","-0.0464065527885655","0.0148519704721348","0.0872","NT","Tillage"
"24","Diseases_C","16","-0.448293031272881","-0.659191424504043","-0.236306976729353","0.0872","NotAvailable","Tillage"
"25","Pests_C","4","0.197519664542869","-0.185285593193751","0.580324922279488","0.7209","CT","Tillage"
"25","Pests_C","0",NA,NA,NA,"0.7209","RT","Tillage"
"25","Pests_C","0",NA,NA,NA,"0.7209","NT","Tillage"
"25","Pests_C","53","-0.00920803315045914","-0.222590421714351","0.202695934827777","0.7209","NotAvailable","Tillage"
"26","SoilFauna_C","18","0.0414447463072026","-0.149265056294592","0.234231992114072","0.0077","CT","Tillage"
"26","SoilFauna_C","1","0.0822380982369723","0.0822380982369723","0.0822380982369723","0.0077","RT","Tillage"
"26","SoilFauna_C","2","1.64877299926261","1.3914053339134","1.90614066461181","0.0077","NT","Tillage"
"26","SoilFauna_C","33","0.39529901836751","0.161589674495972","0.628850366490756","0.0077","NotAvailable","Tillage"
"27","Fungal_C","8","0.661429743177616","0.214733536172752","1.09346884396126","9e-04","CT","Tillage"
"27","Fungal_C","0",NA,NA,NA,"9e-04","RT","Tillage"
"27","Fungal_C","18","0.661101237202104","0.429476316650999","0.886894576059209","9e-04","NT","Tillage"
"27","Fungal_C","70","0.291256457883323","0.209802120785931","0.370092745480159","9e-04","NotAvailable","Tillage"
"28","OtherMicrobial_C","26","-0.0130143523598622","-0.103626413942143","0.0753481488726647","3e-04","CT","Tillage"
"28","OtherMicrobial_C","0",NA,NA,NA,"3e-04","RT","Tillage"
"28","OtherMicrobial_C","0",NA,NA,NA,"3e-04","NT","Tillage"
"28","OtherMicrobial_C","148","0.220189382152569","0.172910787770169","0.268619797719245","3e-04","NotAvailable","Tillage"
"29","Enzyme_C","16","0.122553475940467","-0.0736239904774738","0.316383743480499","0.1467","CT","Tillage"
"29","Enzyme_C","0",NA,NA,NA,"0.1467","RT","Tillage"
"29","Enzyme_C","10","-0.0120180000776831","-0.135034487629106","0.10508915824623","0.1467","NT","Tillage"
"29","Enzyme_C","140","0.150970182311373","0.10992038573486","0.191449466304406","0.1467","NotAvailable","Tillage"
"30","Cmina_C","17","0.314925255443882","0.12385288724428","0.498771075152685","0.0024","CT","Tillage"
"30","Cmina_C","0",NA,NA,NA,"0.0024","RT","Tillage"
"30","Cmina_C","34","0.0895388794518519","0.0368192562532506","0.142510960134832","0.0024","NT","Tillage"
"30","Cmina_C","69","0.113948575967716","0.0762259140223528","0.153093722640596","0.0024","NotAvailable","Tillage"
"31","Nmina_C","62","0.151785114462623","0.0385493829190992","0.25726275814133","0.0081","CT","Tillage"
"31","Nmina_C","7","0.760895940838345","0.429764269111771","1.09270742541836","0.0081","RT","Tillage"
"31","Nmina_C","73","0.223087461732189","0.134066860436322","0.311812332868002","0.0081","NT","Tillage"
"31","Nmina_C","146","0.153473044611343","0.0766402648610209","0.229236692445795","0.0081","NotAvailable","Tillage"
"32","NxO_C","1","0.140384270886425","0.140384270886425","0.140384270886425","0.7369","CT","Tillage"
"32","NxO_C","0",NA,NA,NA,"0.7369","RT","Tillage"
"32","NxO_C","0",NA,NA,NA,"0.7369","NT","Tillage"
"32","NxO_C","29","0.337241073740821","0.116566979807645","0.557077731647457","0.7369","NotAvailable","Tillage"
"33","SIR_C","0",NA,NA,NA,NA,"CT","Tillage"
"33","SIR_C","0",NA,NA,NA,NA,"RT","Tillage"
"33","SIR_C","0",NA,NA,NA,NA,"NT","Tillage"
"33","SIR_C","17","-0.190541235777078","-0.253603069655998","-0.128308969661631",NA,"NotAvailable","Tillage"
"34","CO2BTest_C","31","-0.0211197879638349","-0.184483336219895","0.14416092390297","0.0735","CT","Tillage"
"34","CO2BTest_C","1","0.472604410945793","0.472604410945793","0.472604410945793","0.0735","RT","Tillage"
"34","CO2BTest_C","11","0.0479699196442498","-0.208900195008151","0.296655603517114","0.0735","NT","Tillage"
"34","CO2BTest_C","63","0.168020902837887","0.0951844327477481","0.240278302940539","0.0735","NotAvailable","Tillage"
"35","CO2_C","14","0.345150797907224","0.0739622437729136","0.607239777935601","0.6805","CT","Tillage"
"35","CO2_C","1","0","0","0","0.6805","RT","Tillage"
"35","CO2_C","4","0.0998270382687417","-0.510847518780477","0.71050159531796","0.6805","NT","Tillage"
"35","CO2_C","24","0.366212071164205","0.222191361227775","0.516871005721743","0.6805","NotAvailable","Tillage"
"36","CH4_C","0",NA,NA,NA,NA,"CT","Tillage"
"36","CH4_C","0",NA,NA,NA,NA,"RT","Tillage"
"36","CH4_C","0",NA,NA,NA,NA,"NT","Tillage"
"36","CH4_C","25","0.689881613565759","0.505145336649562","0.876647330202979",NA,"NotAvailable","Tillage"
"37","MBC_C","50","0.107790781221555","0.0295903887168589","0.188351167618908","5e-04","CT","Tillage"
"37","MBC_C","8","0.378359495514847","0.144016092393887","0.609386724375525","5e-04","RT","Tillage"
"37","MBC_C","39","0.0735515507606329","-0.030018831518307","0.179870820577383","5e-04","NT","Tillage"
"37","MBC_C","220","0.289297135686897","0.234988752118211","0.343187288557743","5e-04","NotAvailable","Tillage"
"38","MBN_C","26","0.115949194137302","-0.065858643906081","0.301506874232807","0.0207","CT","Tillage"
"38","MBN_C","8","0.47706020151301","0.228318302597776","0.717586585647157","0.0207","RT","Tillage"
"38","MBN_C","17","0.117631818444609","-0.0074711303214425","0.239279793787855","0.0207","NT","Tillage"
"38","MBN_C","132","0.255099611047997","0.206222960751034","0.30694255181455","0.0207","NotAvailable","Tillage"
"1","BiomassCash_C","153","0.164413879641527","0.104614025924199","0.226378014147791","0.0013","Legume","Cover crop"
"1","BiomassCash_C","34","0.00435444104790353","-0.141832199761018","0.153001697408364","0.0013","Grass","Cover crop"
"1","BiomassCash_C","59","0.0372319942411995","0.00138295853419819","0.0728505935991027","0.0013","MTT","Cover crop"
"1","BiomassCash_C","26","-0.0841471203577092","-0.174839344006399","0.00780999705133043","0.0013","OtherCC","Cover crop"
"2","Yield_C","791","0.139695721562154","0.100528476843741","0.177304593832524","0","Legume","Cover crop"
"2","Yield_C","411","-0.0353802694508794","-0.0774502353392352","0.00555953759517886","0","Grass","Cover crop"
"2","Yield_C","198","0.0188327868713193","-0.0223019618623511","0.0596460654176951","0","MTT","Cover crop"
"2","Yield_C","139","-0.123357912942438","-0.192038760590636","-0.0537687031238816","0","OtherCC","Cover crop"
"3","BD_C","215","-0.00938420786143557","-0.0179859505473366","-0.000321242293259317","0.6076","Legume","Cover crop"
"3","BD_C","272","-0.00983914642341076","-0.0143347999027373","-0.00515429979260123","0.6076","Grass","Cover crop"
"3","BD_C","128","-0.0165022003297252","-0.0249880276657834","-0.00783157479036862","0.6076","MTT","Cover crop"
"3","BD_C","84","-0.0125883252540359","-0.0249248824145669","-1.88737204730066e-05","0.6076","OtherCC","Cover crop"
"4","OC_C","463","0.082858499227768","0.066389883024237","0.0992610002370464","0","Legume","Cover crop"
"4","OC_C","350","0.0498468792974507","0.037455873012675","0.0626067481718773","0","Grass","Cover crop"
"4","OC_C","200","0.120804287026114","0.0991381891257612","0.142649359509475","0","MTT","Cover crop"
"4","OC_C","182","0.114116181695854","0.0804801589534827","0.147753930779299","0","OtherCC","Cover crop"
"5","N_C","637","0.0946895782876513","0.064045832914382","0.124881818633405","0","Legume","Cover crop"
"5","N_C","339","-0.280853200893684","-0.350874919404749","-0.211281503465385","0","Grass","Cover crop"
"5","N_C","141","0.0209099041099278","-0.0522438447277004","0.0911965178713314","0","MTT","Cover crop"
"5","N_C","132","0.0960280250515442","0.0342778767007781","0.158406929926677","0","OtherCC","Cover crop"
"6","P_C","177","-0.0370385803565444","-0.100746157806153","0.0267979125728231","6e-04","Legume","Cover crop"
"6","P_C","50","-0.0917168283500559","-0.158955122060485","-0.0265257857179425","6e-04","Grass","Cover crop"
"6","P_C","45","0.140500579260122","-0.000322470885352153","0.278706428907241","6e-04","MTT","Cover crop"
"6","P_C","59","0.27221416996686","0.0334417572329263","0.507044046873433","6e-04","OtherCC","Cover crop"
"7","K_C","83","-0.0645417471348217","-0.133634204777872","0.00599129636283929","0.0218","Legume","Cover crop"
"7","K_C","29","-0.0171635355823821","-0.102480589815866","0.0710538121497118","0.0218","Grass","Cover crop"
"7","K_C","41","0.128996181320987","-0.00600437924311308","0.264357163052281","0.0218","MTT","Cover crop"
"7","K_C","28","0.0864219413747606","-0.0566155801301877","0.228637970508052","0.0218","OtherCC","Cover crop"
"8","pH_C","94","0.00144776238825963","-0.00860490195874211","0.0115267936482565","0.1138","Legume","Cover crop"
"8","pH_C","33","0.0120221024738214","0.00066044660362552","0.0227137353735823","0.1138","Grass","Cover crop"
"8","pH_C","45","0.0061959656627277","-0.00933837721002031","0.0221411483173381","0.1138","MTT","Cover crop"
"8","pH_C","79","0.024063080798311","0.0054367512265123","0.0429824335075322","0.1138","OtherCC","Cover crop"
"9","CEC_C","20","0.0442030618782359","-0.0418192400197207","0.131608886681324","0.195","Legume","Cover crop"
"9","CEC_C","12","0.0265915874421504","-0.0415398368787031","0.0947067434946128","0.195","Grass","Cover crop"
"9","CEC_C","35","0.134542624364822","0.0656336777987151","0.202893172366169","0.195","MTT","Cover crop"
"9","CEC_C","16","0.0819279672661347","-0.0126336949364388","0.181937342960944","0.195","OtherCC","Cover crop"
"10","EC_C","10","0.274819917822236","-0.0316018373928668","0.585523335153687","0.1596","Legume","Cover crop"
"10","EC_C","0",NA,NA,NA,"0.1596","Grass","Cover crop"
"10","EC_C","22","0.13038867787821","-0.0549706637248245","0.326268919863734","0.1596","MTT","Cover crop"
"10","EC_C","19","-0.0787737349541291","-0.279723153860294","0.125795915148213","0.1596","OtherCC","Cover crop"
"11","BS_C","4","-0.158958887170799","-0.227308807612846","-0.0906089667287514","0.0093","Legume","Cover crop"
"11","BS_C","1","-0.016205045447379","-0.016205045447379","-0.016205045447379","0.0093","Grass","Cover crop"
"11","BS_C","5","0.0664359643125513","0.0108038846643995","0.122068043960703","0.0093","MTT","Cover crop"
"11","BS_C","0",NA,NA,NA,"0.0093","OtherCC","Cover crop"
"12","Aggre_C","94","0.118236777392366","0.0545358289166343","0.179542164672345","0.7209","Legume","Cover crop"
"12","Aggre_C","97","0.148855917460644","0.11017904729311","0.186741873375527","0.7209","Grass","Cover crop"
"12","Aggre_C","28","0.077722227657207","0.0119478813394321","0.141764471416697","0.7209","MTT","Cover crop"
"12","Aggre_C","43","0.134356045465315","-0.0114002009176879","0.27644344891185","0.7209","OtherCC","Cover crop"
"13","Porosity_C","4","-0.180270901428916","-0.30807236612831","-0.0524694367295212","0.4154","Legume","Cover crop"
"13","Porosity_C","67","0.0992186218043878","-0.00786704508354629","0.207813741133098","0.4154","Grass","Cover crop"
"13","Porosity_C","6","0.061405268025689","-0.122759716171693","0.246529571931071","0.4154","MTT","Cover crop"
"13","Porosity_C","8","0.311034704734957","0.0484317830635145","0.580337138960341","0.4154","OtherCC","Cover crop"
"14","Penetration_C","44","0.0694762436245551","-0.00131912512879397","0.141349093661749","0.8327","Legume","Cover crop"
"14","Penetration_C","80","0.068627212543565","0.0114755010003974","0.125027331127405","0.8327","Grass","Cover crop"
"14","Penetration_C","24","0.0178445206134326","-0.0176459659244095","0.0530881641752169","0.8327","MTT","Cover crop"
"14","Penetration_C","8","0.0332841747609692","-0.0595237571337645","0.123874831036003","0.8327","OtherCC","Cover crop"
"15","Infiltration_C","22","0.596651879164746","0.377852888959384","0.809256983204637","0.7078","Legume","Cover crop"
"15","Infiltration_C","16","0.478639477960361","0.197517843892692","0.763540226501814","0.7078","Grass","Cover crop"
"15","Infiltration_C","3","1.03765891224799","-0.523248143764548","2.59856596826052","0.7078","MTT","Cover crop"
"15","Infiltration_C","1","-0.0058651194523982","-0.0058651194523982","-0.0058651194523982","0.7078","OtherCC","Cover crop"
"16","Ksat_C","21","2.07820319088148","1.71181317016003","2.44654888920829","0","Legume","Cover crop"
"16","Ksat_C","29","0.118467571086947","-0.27581657638906","0.507550647397084","0","Grass","Cover crop"
"16","Ksat_C","6","0.465712889183044","0.105144261121152","0.828686143721682","0","MTT","Cover crop"
"16","Ksat_C","2","0.00236659728794053","-0.420732580238953","0.425465774814834","0","OtherCC","Cover crop"
"17","Erosion_C","5","-0.445817649364394","-0.846179820000937","-0.0454554787278521","0.0269","Legume","Cover crop"
"17","Erosion_C","71","-1.57857773091288","-1.92592107478137","-1.2544661643216","0.0269","Grass","Cover crop"
"17","Erosion_C","3","-0.226607073884592","-0.267314769627347","-0.185899378141837","0.0269","MTT","Cover crop"
"17","Erosion_C","4","-0.0827753283877024","-0.551036740022971","0.385486083247566","0.0269","OtherCC","Cover crop"
"18","Runoff_C","42","-1.34902310592525","-1.65002937766419","-1.0524992629609","0.1929","Legume","Cover crop"
"18","Runoff_C","73","-1.39020060007121","-1.70914771894302","-1.06288633654006","0.1929","Grass","Cover crop"
"18","Runoff_C","3","-0.200912952357813","-0.244196960512042","-0.157628944203584","0.1929","MTT","Cover crop"
"18","Runoff_C","2","-0.0212022076506031","-0.0212022076506031","-0.0212022076506031","0.1929","OtherCC","Cover crop"
"19","Leaching_C","48","-0.313572114936386","-0.493114065919898","-0.134774560047239","0.0043","Legume","Cover crop"
"19","Leaching_C","180","-1.08408271577877","-1.34123951410966","-0.828966454165209","0.0043","Grass","Cover crop"
"19","Leaching_C","25","-1.52288359244894","-1.94414837337024","-1.0984029679982","0.0043","MTT","Cover crop"
"19","Leaching_C","14","-0.709790740940962","-1.19562486953403","-0.243619884887619","0.0043","OtherCC","Cover crop"
"20","ST_C","10","-0.0807628885558795","-0.127567752270244","-0.0334621293535599","1e-04","Legume","Cover crop"
"20","ST_C","30","-0.0736150472294135","-0.0890950655173304","-0.0577256601563503","1e-04","Grass","Cover crop"
"20","ST_C","3","0.169270244842636","-0.0444517625708336","0.382992252256106","1e-04","MTT","Cover crop"
"20","ST_C","2","-0.0560346015674498","-0.120005752730636","0.00793654959573598","1e-04","OtherCC","Cover crop"
"21","SWC_C","301","-0.000327315716049187","-0.0231217346106075","0.0237077860465578","0","Legume","Cover crop"
"21","SWC_C","110","0.0685164398117291","0.0348295419865043","0.10097034677082","0","Grass","Cover crop"
"21","SWC_C","20","0.0343882654392351","-0.0686083552832242","0.135327015908324","0","MTT","Cover crop"
"21","SWC_C","21","-0.241420156508006","-0.437863095491568","-0.0437038412893413","0","OtherCC","Cover crop"
"22","AWHC_C","45","-0.182349226647436","-0.242040498175466","-0.122030892890734","2e-04","Legume","Cover crop"
"22","AWHC_C","13","-0.0384905932013482","-0.118276667956745","0.0383554825669563","2e-04","Grass","Cover crop"
"22","AWHC_C","8","0.0943117939321853","-0.055375466423163","0.244676544152716","2e-04","MTT","Cover crop"
"22","AWHC_C","9","0.0622134182145829","-0.0509615250115491","0.170660785569332","2e-04","OtherCC","Cover crop"
"23","Weed_C","59","-0.844238719962463","-1.34758776554326","-0.337733588267141","0","Legume","Cover crop"
"23","Weed_C","123","-0.418266684492712","-0.567024803810656","-0.262411360377884","0","Grass","Cover crop"
"23","Weed_C","52","-1.82893991351816","-2.27919950267607","-1.37525030945619","0","MTT","Cover crop"
"23","Weed_C","47","0.580005713566049","0.126543955723842","1.01300371892993","0","OtherCC","Cover crop"
"24","Diseases_C","4","-0.168844504115749","-0.345168514700728","0.00747950646923135","0.0233","Legume","Cover crop"
"24","Diseases_C","9","-0.159437869356865","-0.255220923105114","-0.0666008133463338","0.0233","Grass","Cover crop"
"24","Diseases_C","0",NA,NA,NA,"0.0233","MTT","Cover crop"
"24","Diseases_C","7","-0.709004325766154","-1.10192686826255","-0.310540227790893","0.0233","OtherCC","Cover crop"
"25","Pests_C","29","-0.419618686749754","-0.655608753376968","-0.193243764293196","0","Legume","Cover crop"
"25","Pests_C","16","0.258752099283071","-0.0143059970227498","0.524833639966657","0","Grass","Cover crop"
"25","Pests_C","0",NA,NA,NA,"0","MTT","Cover crop"
"25","Pests_C","12","0.676490610286801","0.314918846530836","1.04370274367259","0","OtherCC","Cover crop"
"26","SoilFauna_C","20","0.343978007604938","0.0160871167239057","0.677210127231929","0.0696","Legume","Cover crop"
"26","SoilFauna_C","18","0.0186515442265137","-0.171402217005363","0.211525221204699","0.0696","Grass","Cover crop"
"26","SoilFauna_C","10","0.646709158604599","0.34518899341371","0.932379256624833","0.0696","MTT","Cover crop"
"26","SoilFauna_C","6","0.641682344035971","0.0222933479885796","1.26889534343113","0.0696","OtherCC","Cover crop"
"27","Fungal_C","27","0.173266339123199","0.0801223353911888","0.265540502309925","0.0013","Legume","Cover crop"
"27","Fungal_C","33","0.378446819052012","0.232531291240783","0.528351154422953","0.0013","Grass","Cover crop"
"27","Fungal_C","19","0.474518102661455","0.242170403374692","0.705442014181127","0.0013","MTT","Cover crop"
"27","Fungal_C","17","0.688087219681774","0.508083213919076","0.871896033102443","0.0013","OtherCC","Cover crop"
"28","OtherMicrobial_C","63","0.191344520440662","0.108833909949018","0.276255404955894","0.1486","Legume","Cover crop"
"28","OtherMicrobial_C","40","0.251498421472114","0.158548372965761","0.346573573214983","0.1486","Grass","Cover crop"
"28","OtherMicrobial_C","34","0.095561022311949","0.0186331318189701","0.172595995506664","0.1486","MTT","Cover crop"
"28","OtherMicrobial_C","37","0.200703845442396","0.130088852108813","0.272559433772046","0.1486","OtherCC","Cover crop"
"29","Enzyme_C","42","0.0754835409858918","-0.013875660438903","0.161472442082957","0","Legume","Cover crop"
"29","Enzyme_C","45","-0.00887068032645712","-0.0586314022278722","0.0406857242273527","0","Grass","Cover crop"
"29","Enzyme_C","48","0.24694422384621","0.183729416416259","0.307615560739086","0","MTT","Cover crop"
"29","Enzyme_C","31","0.270186119992635","0.175692078505122","0.360285319962068","0","OtherCC","Cover crop"
"30","Cmina_C","73","0.140573611958461","0.0872928273613272","0.194612723734988","0.7592","Legume","Cover crop"
"30","Cmina_C","24","0.107075427452836","0.0430366100442062","0.172869667627624","0.7592","Grass","Cover crop"
"30","Cmina_C","12","0.182522646885249","0.0958376562595772","0.272243379642674","0.7592","MTT","Cover crop"
"30","Cmina_C","11","0.121349943565106","-0.0593132360121175","0.307525448684049","0.7592","OtherCC","Cover crop"
"31","Nmina_C","82","0.200466606940807","0.0962749741280882","0.303850117626239","0.0315","Legume","Cover crop"
"31","Nmina_C","92","0.0783755382635735","-0.0301739463441568","0.184348000899211","0.0315","Grass","Cover crop"
"31","Nmina_C","63","0.298662764552579","0.218137510810861","0.376724313600714","0.0315","MTT","Cover crop"
"31","Nmina_C","51","0.208005536561172","0.116426476441368","0.30099524375345","0.0315","OtherCC","Cover crop"
"32","NxO_C","6","0.686737121488598","0.481616079677284","0.886950293431303","0.0433","Legume","Cover crop"
"32","NxO_C","5","0.584629894385282","0.288901770756267","0.875410443121941","0.0433","Grass","Cover crop"
"32","NxO_C","3","-0.252996636517055","-0.378653850657508","-0.127339422376602","0.0433","MTT","Cover crop"
"32","NxO_C","16","0.196559876286113","-0.1116776160969","0.50147185824551","0.0433","OtherCC","Cover crop"
"33","SIR_C","0",NA,NA,NA,"0.0291","Legume","Cover crop"
"33","SIR_C","0",NA,NA,NA,"0.0291","Grass","Cover crop"
"33","SIR_C","2","0","0","0","0.0291","MTT","Cover crop"
"33","SIR_C","15","-0.2159108066852","-0.2750973651395","-0.155251869953211","0.0291","OtherCC","Cover crop"
"34","CO2BTest_C","38","0.0610131997463208","-0.0354335839393668","0.156547380723166","0.0669","Legume","Cover crop"
"34","CO2BTest_C","20","0.0603748564889012","-0.17509026473668","0.291772695216428","0.0669","Grass","Cover crop"
"34","CO2BTest_C","32","0.249797439644566","0.151835831617048","0.350499780108069","0.0669","MTT","Cover crop"
"34","CO2BTest_C","16","-0.0311810663777991","-0.214781733259239","0.157817406709848","0.0669","OtherCC","Cover crop"
"35","CO2_C","13","0.410439262466138","0.240441761765843","0.591049077713312","0.2264","Legume","Cover crop"
"35","CO2_C","5","0.353009307784326","-0.00260861785041645","0.708484578026895","0.2264","Grass","Cover crop"
"35","CO2_C","8","0.523414764179926","0.139805400640937","0.905216347769492","0.2264","MTT","Cover crop"
"35","CO2_C","17","0.157711800868502","-0.0617681703695443","0.374006300655651","0.2264","OtherCC","Cover crop"
"36","CH4_C","5","0.379132681233712","0.193250867424368","0.565014495043055","6e-04","Legume","Cover crop"
"36","CH4_C","5","0.548633578048531","0.339532049478383","0.75773510661868","6e-04","Grass","Cover crop"
"36","CH4_C","4","1.39352248511764","0.892310440651812","1.89473452958348","6e-04","MTT","Cover crop"
"36","CH4_C","11","0.587083301801338","0.425836860279922","0.751733928603889","6e-04","OtherCC","Cover crop"
"37","MBC_C","99","0.217783205781741","0.15090050612835","0.284968944630254","0","Legume","Cover crop"
"37","MBC_C","73","0.26935110371424","0.160073350172114","0.378380086762358","0","Grass","Cover crop"
"37","MBC_C","66","0.40035478427737","0.317978789718404","0.480420297697702","0","MTT","Cover crop"
"37","MBC_C","79","0.0962170721420567","0.0210654050109615","0.171382367916922","0","OtherCC","Cover crop"
"38","MBN_C","53","0.264593244698353","0.161203660519202","0.366739814643645","0.2155","Legume","Cover crop"
"38","MBN_C","40","0.207641917180986","0.115696207192239","0.302288100962423","0.2155","Grass","Cover crop"
"38","MBN_C","50","0.28868808433878","0.226140374016723","0.351890733334349","0.2155","MTT","Cover crop"
"38","MBN_C","40","0.151751316762186","0.0259261738437304","0.275047973976971","0.2155","OtherCC","Cover crop"
"1","BiomassCash_C","114","0.188143996491597","0.110318251086334","0.265674249313192","0","Corn","Grain crop"
"1","BiomassCash_C","11","-0.0694935330089585","-0.128358942105566","-0.0113460753143574","0","Soybean","Grain crop"
"1","BiomassCash_C","65","-0.0282872584966362","-0.103781824027763","0.0453627025294602","0","Wheat","Grain crop"
"1","BiomassCash_C","13","0.35268815049388","0.198939249482681","0.508456174586984","0","Vegetable","Grain crop"
"1","BiomassCash_C","1","-0.0979804083602032","-0.0979804083602032","-0.0979804083602032","0","CS","Grain crop"
"1","BiomassCash_C","0",NA,NA,NA,"0","CSW","Grain crop"
"1","BiomassCash_C","68","0.0399264509329127","-0.00293933979245003","0.0828192037099308","0","Other","Grain crop"
"2","Yield_C","615","0.17414432173113","0.13763653850043","0.213182570309997","0","Corn","Grain crop"
"2","Yield_C","86","-0.0216683360937742","-0.059630222238445","0.0152224514310824","0","Soybean","Grain crop"
"2","Yield_C","134","0.00666564834246133","-0.0486806180510201","0.0614733596166276","0","Wheat","Grain crop"
"2","Yield_C","288","-0.0182564104808177","-0.105332704707827","0.0675234758472322","0","Vegetable","Grain crop"
"2","Yield_C","22","-0.0456836147011527","-0.0723549927585191","-0.0195338868294737","0","CS","Grain crop"
"2","Yield_C","6","-0.0176164316146214","-0.0315264661599848","-0.00449819079543208","0","CSW","Grain crop"
"2","Yield_C","388","-0.0451758104629307","-0.0778625612249132","-0.0127634836966352","0","Other","Grain crop"
"3","BD_C","112","-0.010060562305046","-0.021783194094428","0.00135753365397958","0.0373","Corn","Grain crop"
"3","BD_C","52","0.00432049041410272","-0.000853822146347523","0.00961342878342177","0.0373","Soybean","Grain crop"
"3","BD_C","9","-0.0204917148100514","-0.0494513125283363","0.00907155288302498","0.0373","Wheat","Grain crop"
"3","BD_C","53","-0.0114228020754142","-0.0291366746772675","0.00592281729033159","0.0373","Vegetable","Grain crop"
"3","BD_C","120","-0.00104925416007442","-0.011308689711297","0.00926928603293789","0.0373","CS","Grain crop"
"3","BD_C","39","-0.0146825144241216","-0.0238050877119057","-0.00571953116389366","0.0373","CSW","Grain crop"
"3","BD_C","314","-0.0171646312094449","-0.0223237973673243","-0.0120509756099817","0.0373","Other","Grain crop"
"4","OC_C","230","0.0570515127956322","0.0380598483577193","0.0761475733172538","0.0033","Corn","Grain crop"
"4","OC_C","87","0.0531243541520653","0.0384297208295929","0.0675805286357345","0.0033","Soybean","Grain crop"
"4","OC_C","55","0.0746462161448287","0.0328265556676236","0.117223418019443","0.0033","Wheat","Grain crop"
"4","OC_C","108","0.111555601757022","0.0642386476207586","0.158577400277138","0.0033","Vegetable","Grain crop"
"4","OC_C","99","0.0624597688764655","0.0459164704949181","0.0786266175847244","0.0033","CS","Grain crop"
"4","OC_C","38","0.0515263465204303","0.0269193874071888","0.0766865453269436","0.0033","CSW","Grain crop"
"4","OC_C","578","0.101139184418291","0.0858708205613076","0.116822073111256","0.0033","Other","Grain crop"
"5","N_C","307","0.0938100405983242","0.018548780173002","0.167076464592115","0","Corn","Grain crop"
"5","N_C","0",NA,NA,NA,"0","Soybean","Grain crop"
"5","N_C","208","0.0460908959231104","-0.0121990546459529","0.102663918988532","0","Wheat","Grain crop"
"5","N_C","153","-0.0447739346225285","-0.119493298713297","0.0273278945622046","0","Vegetable","Grain crop"
"5","N_C","174","-0.346018128019567","-0.414863906448925","-0.277670777192645","0","CS","Grain crop"
"5","N_C","2","0.134817363571369","0.112608506170464","0.157026220972274","0","CSW","Grain crop"
"5","N_C","405","0.0205885639950664","-0.0122219162238732","0.0549724835130077","0","Other","Grain crop"
"6","P_C","98","-0.0232475586635165","-0.115724309829655","0.0726485399564853","0.4012","Corn","Grain crop"
"6","P_C","0",NA,NA,NA,"0.4012","Soybean","Grain crop"
"6","P_C","14","0.149623184530071","-0.0609527436984323","0.359465259502664","0.4012","Wheat","Grain crop"
"6","P_C","54","0.0565768240763217","-0.077329426157031","0.192253487440374","0.4012","Vegetable","Grain crop"
"6","P_C","38","0.148626670032977","0.0471546916331317","0.248255314203825","0.4012","CS","Grain crop"
"6","P_C","36","-0.084620457537383","-0.17715872614786","0.00992007855659134","0.4012","CSW","Grain crop"
"6","P_C","91","0.0743027841977445","-0.0907648589734649","0.232709800991907","0.4012","Other","Grain crop"
"7","K_C","25","0.143017974866263","0.0301170146287497","0.253402176443723","0","Corn","Grain crop"
"7","K_C","0",NA,NA,NA,"0","Soybean","Grain crop"
"7","K_C","9","0.165130979004833","-0.0709546843113191","0.403641899125524","0","Wheat","Grain crop"
"7","K_C","18","0.313000422021467","0.126726024176144","0.499281758300967","0","Vegetable","Grain crop"
"7","K_C","32","-0.163923587416021","-0.268604744614121","-0.0612578324604155","0","CS","Grain crop"
"7","K_C","36","-0.141022935065696","-0.222583366440031","-0.0638689757862631","0","CSW","Grain crop"
"7","K_C","61","0.0266176307204124","-0.0678913682865009","0.123388902265919","0","Other","Grain crop"
"8","pH_C","26","0.0112928982392306","0.000710508631600282","0.02186210566331","4e-04","Corn","Grain crop"
"8","pH_C","0",NA,NA,NA,"4e-04","Soybean","Grain crop"
"8","pH_C","10","-0.0337192758159897","-0.0630601325172526","-0.00347051496212395","4e-04","Wheat","Grain crop"
"8","pH_C","28","0.0549816612546961","0.0154524227831191","0.0922898657411249","4e-04","Vegetable","Grain crop"
"8","pH_C","32","0.0229161757947623","0.0104978162937307","0.0351333178514961","4e-04","CS","Grain crop"
"8","pH_C","36","0.000518997981584396","-0.0114405246703113","0.0128577979147413","4e-04","CSW","Grain crop"
"8","pH_C","119","0.00366417755313396","-0.00728682227588597","0.0141446264755082","4e-04","Other","Grain crop"
"9","CEC_C","21","0.18809084086236","0.131079099485575","0.245526803863476","1e-04","Corn","Grain crop"
"9","CEC_C","0",NA,NA,NA,"1e-04","Soybean","Grain crop"
"9","CEC_C","2","0.206625513947386","0.131140000492447","0.282111027402325","1e-04","Wheat","Grain crop"
"9","CEC_C","13","0.216525638689537","0.0525014969786915","0.381779781517199","1e-04","Vegetable","Grain crop"
"9","CEC_C","4","0.00555550777407654","-0.194778960594566","0.205889976142719","1e-04","CS","Grain crop"
"9","CEC_C","0",NA,NA,NA,"1e-04","CSW","Grain crop"
"9","CEC_C","43","-0.00476120705385995","-0.0441712915295809","0.0340088688731169","1e-04","Other","Grain crop"
"10","EC_C","10","0.0123825674645228","-0.0427690435096815","0.0683130175501064","0.2755","Corn","Grain crop"
"10","EC_C","0",NA,NA,NA,"0.2755","Soybean","Grain crop"
"10","EC_C","4","-0.297056111839449","-0.737953259904789","0.143841036225891","0.2755","Wheat","Grain crop"
"10","EC_C","16","0.013565920413551","-0.249525303683269","0.269174567251914","0.2755","Vegetable","Grain crop"
"10","EC_C","4","0.120539450164268","-0.0999697718581441","0.34104867218668","0.2755","CS","Grain crop"
"10","EC_C","0",NA,NA,NA,"0.2755","CSW","Grain crop"
"10","EC_C","17","0.265410192996776","0.00806156589585815","0.518683997507291","0.2755","Other","Grain crop"
"11","BS_C","4","-0.158958887170799","-0.227308807612846","-0.0906089667287514","0.0135","Corn","Grain crop"
"11","BS_C","0",NA,NA,NA,"0.0135","Soybean","Grain crop"
"11","BS_C","0",NA,NA,NA,"0.0135","Wheat","Grain crop"
"11","BS_C","2","0.0529178306774092","0.0336732151065879","0.0721624462482304","0.0135","Vegetable","Grain crop"
"11","BS_C","0",NA,NA,NA,"0.0135","CS","Grain crop"
"11","BS_C","0",NA,NA,NA,"0.0135","CSW","Grain crop"
"11","BS_C","4","0.0577460702941806","-0.016205045447379","0.13169718603574","0.0135","Other","Grain crop"
"12","Aggre_C","19","0.258215743853283","0.176178441993622","0.339971991859178","0.4447","Corn","Grain crop"
"12","Aggre_C","7","0.017477620796765","-0.230416740199155","0.263807914177873","0.4447","Soybean","Grain crop"
"12","Aggre_C","5","0.0189557941610311","-0.135049726713274","0.172961315035336","0.4447","Wheat","Grain crop"
"12","Aggre_C","8","0.146382691411907","0.0438649662433378","0.252194834964683","0.4447","Vegetable","Grain crop"
"12","Aggre_C","81","0.112340771799362","0.0807591221462695","0.144327310187506","0.4447","CS","Grain crop"
"12","Aggre_C","36","0.080918035132023","0.0112309122865859","0.149549710580292","0.4447","CSW","Grain crop"
"12","Aggre_C","106","0.140517283482434","0.0609727525819873","0.217768969778083","0.4447","Other","Grain crop"
"13","Porosity_C","7","0.472694773461371","-0.21427506338911","1.15358601565322","0.0154","Corn","Grain crop"
"13","Porosity_C","0",NA,NA,NA,"0.0154","Soybean","Grain crop"
"13","Porosity_C","0",NA,NA,NA,"0.0154","Wheat","Grain crop"
"13","Porosity_C","4","0.108568825365866","0.0102335135786964","0.206904137153035","0.0154","Vegetable","Grain crop"
"13","Porosity_C","50","-0.0080343827869439","-0.0493714124686047","0.0335308232019593","0.0154","CS","Grain crop"
"13","Porosity_C","3","-0.228379201247857","-0.387765531008764","-0.0689928714869512","0.0154","CSW","Grain crop"
"13","Porosity_C","21","0.296117011243253","0.0636915034992503","0.523214603457522","0.0154","Other","Grain crop"
"14","Penetration_C","4","-0.15714493000954","-0.246988430236514","-0.0673014297825656","0.0173","Corn","Grain crop"
"14","Penetration_C","0",NA,NA,NA,"0.0173","Soybean","Grain crop"
"14","Penetration_C","0",NA,NA,NA,"0.0173","Wheat","Grain crop"
"14","Penetration_C","2","0.147972975608914","0.135437970895104","0.160507980322725","0.0173","Vegetable","Grain crop"
"14","Penetration_C","88","0.0358823371686264","-0.00459820874089406","0.0773786992026505","0.0173","CS","Grain crop"
"14","Penetration_C","36","0.0372688916574072","0.00680971621094819","0.0671882023665073","0.0173","CSW","Grain crop"
"14","Penetration_C","26","0.193237166909811","0.0444197354152968","0.34041063477057","0.0173","Other","Grain crop"
"15","Infiltration_C","20","0.583208094445205","0.361378915532865","0.79703635740314","0.6784","Corn","Grain crop"
"15","Infiltration_C","3","0.527420327403983","0.445645185413695","0.609195469394271","0.6784","Soybean","Grain crop"
"15","Infiltration_C","0",NA,NA,NA,"0.6784","Wheat","Grain crop"
"15","Infiltration_C","0",NA,NA,NA,"0.6784","Vegetable","Grain crop"
"15","Infiltration_C","4","0.14291166859333","-0.00377812341870465","0.289601460605364","0.6784","CS","Grain crop"
"15","Infiltration_C","0",NA,NA,NA,"0.6784","CSW","Grain crop"
"15","Infiltration_C","15","0.6213192419364","0.170319397425439","1.05359798587407","0.6784","Other","Grain crop"
"16","Ksat_C","11","0.349652135857477","-0.507319254613216","1.22945268016326","4e-04","Corn","Grain crop"
"16","Ksat_C","0",NA,NA,NA,"4e-04","Soybean","Grain crop"
"16","Ksat_C","0",NA,NA,NA,"4e-04","Wheat","Grain crop"
"16","Ksat_C","3","-0.110867802021522","-0.474141973904384","0.25240636986134","4e-04","Vegetable","Grain crop"
"16","Ksat_C","14","0.0255361669714788","-0.392613619213686","0.45440874224752","4e-04","CS","Grain crop"
"16","Ksat_C","3","0.96197404667279","0.753137068296886","1.17081102504869","4e-04","CSW","Grain crop"
"16","Ksat_C","27","1.601009395152","1.16708085176102","2.03828932979542","4e-04","Other","Grain crop"
"17","Erosion_C","6","0.587869096409144","0.324523492590087","0.854811249732092","0","Corn","Grain crop"
"17","Erosion_C","47","-2.14291922879868","-2.44897851463522","-1.83405151949856","0","Soybean","Grain crop"
"17","Erosion_C","0",NA,NA,NA,"0","Wheat","Grain crop"
"17","Erosion_C","0",NA,NA,NA,"0","Vegetable","Grain crop"
"17","Erosion_C","3","-0.212088908520159","-0.654925967739748","0.230748150699429","0","CS","Grain crop"
"17","Erosion_C","0",NA,NA,NA,"0","CSW","Grain crop"
"17","Erosion_C","27","-0.634461976081413","-1.09547930168157","-0.169568762210959","0","Other","Grain crop"
"18","Runoff_C","6","-0.0681964859530701","-0.164898075585076","0.0245272154891683","1e-04","Corn","Grain crop"
"18","Runoff_C","50","-1.85238351701634","-2.21506274661954","-1.48579783009313","1e-04","Soybean","Grain crop"
"18","Runoff_C","0",NA,NA,NA,"1e-04","Wheat","Grain crop"
"18","Runoff_C","0",NA,NA,NA,"1e-04","Vegetable","Grain crop"
"18","Runoff_C","0",NA,NA,NA,"1e-04","CS","Grain crop"
"18","Runoff_C","0",NA,NA,NA,"1e-04","CSW","Grain crop"
"18","Runoff_C","64","-1.02313461402681","-1.28650350910534","-0.758585562492653","1e-04","Other","Grain crop"
"19","Leaching_C","151","-1.16389654216177","-1.45536555132856","-0.866125334909766","0.048","Corn","Grain crop"
"19","Leaching_C","5","0.436302918610727","-0.453807357174648","1.30064149701108","0.048","Soybean","Grain crop"
"19","Leaching_C","4","-0.582505667168646","-1.08148429200571","-0.083527042331583","0.048","Wheat","Grain crop"
"19","Leaching_C","10","-0.518362873570988","-0.643295260946913","-0.395601938449037","0.048","Vegetable","Grain crop"
"19","Leaching_C","11","-0.394986385718291","-0.653946051424034","-0.139049065473085","0.048","CS","Grain crop"
"19","Leaching_C","3","0.801180212052978","0.746619780349653","0.855740643756303","0.048","CSW","Grain crop"
"19","Leaching_C","83","-0.915361264456082","-1.13954071553807","-0.686633342414538","0.048","Other","Grain crop"
"20","ST_C","1","0.382992252256106","0.382992252256106","0.382992252256106","0","Corn","Grain crop"
"20","ST_C","2","-0.146491076995036","-0.199019683284615","-0.0939624707054567","0","Soybean","Grain crop"
"20","ST_C","0",NA,NA,NA,"0","Wheat","Grain crop"
"20","ST_C","0",NA,NA,NA,"0","Vegetable","Grain crop"
"20","ST_C","28","-0.0677720069778504","-0.0823344425045077","-0.0539149815058893","0","CS","Grain crop"
"20","ST_C","0",NA,NA,NA,"0","CSW","Grain crop"
"20","ST_C","14","-0.0619032668034466","-0.106183664565526","-0.0170521204049144","0","Other","Grain crop"
"21","SWC_C","16","-0.0024914911890391","-0.0748939584056251","0.0690272587853418","0.0015","Corn","Grain crop"
"21","SWC_C","18","0.0113813831989928","-0.102924124847418","0.122320075035622","0.0015","Soybean","Grain crop"
"21","SWC_C","62","-0.117334336665586","-0.192009358617214","-0.0429750280053343","0.0015","Wheat","Grain crop"
"21","SWC_C","27","-0.0208708069231056","-0.0785885612207117","0.0378023403253574","0.0015","Vegetable","Grain crop"
"21","SWC_C","75","0.0283990414752546","0.00466404940967173","0.0529804868562341","0.0015","CS","Grain crop"
"21","SWC_C","39","0.0296957349702334","0.00938988798740107","0.0502222186515716","0.0015","CSW","Grain crop"
"21","SWC_C","215","0.0322726072249435","-0.0013686611989888","0.0650727682052642","0.0015","Other","Grain crop"
"22","AWHC_C","1","0.125163142954006","0.125163142954006","0.125163142954006","0","Corn","Grain crop"
"22","AWHC_C","0",NA,NA,NA,"0","Soybean","Grain crop"
"22","AWHC_C","45","-0.210567388824556","-0.264322904270262","-0.157754243863904","0","Wheat","Grain crop"
"22","AWHC_C","1","0.295980875266476","0.295980875266476","0.295980875266476","0","Vegetable","Grain crop"
"22","AWHC_C","6","0.0584439021105845","0.0442573639709858","0.0726304402501832","0","CS","Grain crop"
"22","AWHC_C","0",NA,NA,NA,"0","CSW","Grain crop"
"22","AWHC_C","22","0.0632308013069619","-0.00960595842622205","0.137128752886475","0","Other","Grain crop"
"23","Weed_C","50","-0.225092815188114","-0.885772952531012","0.453463431417406","0","Corn","Grain crop"
"23","Weed_C","24","0.62915579650871","0.0450648124371452","1.20491337436666","0","Soybean","Grain crop"
"23","Weed_C","0",NA,NA,NA,"0","Wheat","Grain crop"
"23","Weed_C","145","-0.390527240885935","-0.504816236043352","-0.281791549347368","0","Vegetable","Grain crop"
"23","Weed_C","0",NA,NA,NA,"0","CS","Grain crop"
"23","Weed_C","0",NA,NA,NA,"0","CSW","Grain crop"
"23","Weed_C","62","-1.87009073931068","-2.28150032326153","-1.45132332145962","0","Other","Grain crop"
"24","Diseases_C","0",NA,NA,NA,NA,"Corn","Grain crop"
"24","Diseases_C","0",NA,NA,NA,NA,"Soybean","Grain crop"
"24","Diseases_C","0",NA,NA,NA,NA,"Wheat","Grain crop"
"24","Diseases_C","0",NA,NA,NA,NA,"Vegetable","Grain crop"
"24","Diseases_C","0",NA,NA,NA,NA,"CS","Grain crop"
"24","Diseases_C","0",NA,NA,NA,NA,"CSW","Grain crop"
"24","Diseases_C","20","-0.362692929363945","-0.550380772037262","-0.18029235945963",NA,"Other","Grain crop"
"25","Pests_C","0",NA,NA,NA,"0.744","Corn","Grain crop"
"25","Pests_C","0",NA,NA,NA,"0.744","Soybean","Grain crop"
"25","Pests_C","0",NA,NA,NA,"0.744","Wheat","Grain crop"
"25","Pests_C","47","-0.012692511868397","-0.251627280999076","0.222453505904071","0.744","Vegetable","Grain crop"
"25","Pests_C","0",NA,NA,NA,"0.744","CS","Grain crop"
"25","Pests_C","0",NA,NA,NA,"0.744","CSW","Grain crop"
"25","Pests_C","10","0.100158990792578","-0.0588954613434519","0.259562375634229","0.744","Other","Grain crop"
"26","SoilFauna_C","1","0.356674943938733","0.356674943938733","0.356674943938733","0.0279","Corn","Grain crop"
"26","SoilFauna_C","0",NA,NA,NA,"0.0279","Soybean","Grain crop"
"26","SoilFauna_C","4","0.64054562892974","0.033685829324786","1.24740542853469","0.0279","Wheat","Grain crop"
"26","SoilFauna_C","25","0.0155939295893093","-0.120125537284095","0.15701146345063","0.0279","Vegetable","Grain crop"
"26","SoilFauna_C","0",NA,NA,NA,"0.0279","CS","Grain crop"
"26","SoilFauna_C","0",NA,NA,NA,"0.0279","CSW","Grain crop"
"26","SoilFauna_C","24","0.579618076644803","0.255868889809216","0.894105195883349","0.0279","Other","Grain crop"
"27","Fungal_C","6","0.916881196687493","0.521328538628404","1.3125316126812","1e-04","Corn","Grain crop"
"27","Fungal_C","0",NA,NA,NA,"1e-04","Soybean","Grain crop"
"27","Fungal_C","0",NA,NA,NA,"1e-04","Wheat","Grain crop"
"27","Fungal_C","38","0.206824789085599","0.107301245959066","0.302781513547819","1e-04","Vegetable","Grain crop"
"27","Fungal_C","0",NA,NA,NA,"1e-04","CS","Grain crop"
"27","Fungal_C","0",NA,NA,NA,"1e-04","CSW","Grain crop"
"27","Fungal_C","52","0.467011301278028","0.346520821183295","0.585793625799433","1e-04","Other","Grain crop"
"28","OtherMicrobial_C","0",NA,NA,NA,"0.013","Corn","Grain crop"
"28","OtherMicrobial_C","0",NA,NA,NA,"0.013","Soybean","Grain crop"
"28","OtherMicrobial_C","0",NA,NA,NA,"0.013","Wheat","Grain crop"
"28","OtherMicrobial_C","49","0.0949744973769033","0.0154623934378832","0.175830753685629","0.013","Vegetable","Grain crop"
"28","OtherMicrobial_C","0",NA,NA,NA,"0.013","CS","Grain crop"
"28","OtherMicrobial_C","0",NA,NA,NA,"0.013","CSW","Grain crop"
"28","OtherMicrobial_C","125","0.221564570919952","0.170621232900632","0.273182040327778","0.013","Other","Grain crop"
"29","Enzyme_C","0",NA,NA,NA,"0.0604","Corn","Grain crop"
"29","Enzyme_C","0",NA,NA,NA,"0.0604","Soybean","Grain crop"
"29","Enzyme_C","2","-0.0142597084078269","-0.0291827667570599","0.000663349941406044","0.0604","Wheat","Grain crop"
"29","Enzyme_C","47","0.225410679952137","0.145625126114848","0.304013775267888","0.0604","Vegetable","Grain crop"
"29","Enzyme_C","4","0.130577476909125","-0.0590533682415979","0.320208322059848","0.0604","CS","Grain crop"
"29","Enzyme_C","0",NA,NA,NA,"0.0604","CSW","Grain crop"
"29","Enzyme_C","113","0.104241031940371","0.0567486703896492","0.149621152737767","0.0604","Other","Grain crop"
"30","Cmina_C","0",NA,NA,NA,"0.0034","Corn","Grain crop"
"30","Cmina_C","4","-0.0988578364920669","-0.128944469644607","-0.0687712033395265","0.0034","Soybean","Grain crop"
"30","Cmina_C","7","0.159890746735746","-0.017210227574186","0.333811423119166","0.0034","Wheat","Grain crop"
"30","Cmina_C","16","0.293501168871279","0.0787692621788094","0.510442992936771","0.0034","Vegetable","Grain crop"
"30","Cmina_C","32","0.0991461525389961","0.0525589050955756","0.144198024529088","0.0034","CS","Grain crop"
"30","Cmina_C","36","0.0785576464958731","0.0598693172336869","0.0968344958514785","0.0034","CSW","Grain crop"
"30","Cmina_C","25","0.191948887902067","0.115481747761324","0.26724106970014","0.0034","Other","Grain crop"
"31","Nmina_C","18","0.12635321350791","-0.0104738599786157","0.263772618233367","0.1072","Corn","Grain crop"
"31","Nmina_C","6","0.173480619976901","0.0483266977896739","0.298531516870274","0.1072","Soybean","Grain crop"
"31","Nmina_C","26","0.0505584264504623","-0.133305769296721","0.224849573340037","0.1072","Wheat","Grain crop"
"31","Nmina_C","79","0.111261943099928","-0.0244370191605873","0.249333150745529","0.1072","Vegetable","Grain crop"
"31","Nmina_C","32","0.150454895499154","0.0532577502997469","0.248532752041017","0.1072","CS","Grain crop"
"31","Nmina_C","0",NA,NA,NA,"0.1072","CSW","Grain crop"
"31","Nmina_C","127","0.272144242917986","0.209366044834588","0.336093509794743","0.1072","Other","Grain crop"
"32","NxO_C","0",NA,NA,NA,NA,"Corn","Grain crop"
"32","NxO_C","0",NA,NA,NA,NA,"Soybean","Grain crop"
"32","NxO_C","0",NA,NA,NA,NA,"Wheat","Grain crop"
"32","NxO_C","0",NA,NA,NA,NA,"Vegetable","Grain crop"
"32","NxO_C","0",NA,NA,NA,NA,"CS","Grain crop"
"32","NxO_C","0",NA,NA,NA,NA,"CSW","Grain crop"
"32","NxO_C","30","0.332696406527667","0.129324665141389","0.539745061573377",NA,"Other","Grain crop"
"33","SIR_C","0",NA,NA,NA,NA,"Corn","Grain crop"
"33","SIR_C","0",NA,NA,NA,NA,"Soybean","Grain crop"
"33","SIR_C","0",NA,NA,NA,NA,"Wheat","Grain crop"
"33","SIR_C","0",NA,NA,NA,NA,"Vegetable","Grain crop"
"33","SIR_C","0",NA,NA,NA,NA,"CS","Grain crop"
"33","SIR_C","0",NA,NA,NA,NA,"CSW","Grain crop"
"33","SIR_C","17","-0.190203735110674","-0.252840573478645","-0.1268383809724",NA,"Other","Grain crop"
"34","CO2BTest_C","1","1","1","1","0.036","Corn","Grain crop"
"34","CO2BTest_C","0",NA,NA,NA,"0.036","Soybean","Grain crop"
"34","CO2BTest_C","20","0.137516387536216","0.102890709270392","0.171049916555313","0.036","Wheat","Grain crop"
"34","CO2BTest_C","0",NA,NA,NA,"0.036","Vegetable","Grain crop"
"34","CO2BTest_C","0",NA,NA,NA,"0.036","CS","Grain crop"
"34","CO2BTest_C","0",NA,NA,NA,"0.036","CSW","Grain crop"
"34","CO2BTest_C","85","0.0843312747308021","-0.000753433471181972","0.172376253488895","0.036","Other","Grain crop"
"35","CO2_C","1","1","1","1","0.0098","Corn","Grain crop"
"35","CO2_C","0",NA,NA,NA,"0.0098","Soybean","Grain crop"
"35","CO2_C","2","0.71050159531796","0.647920443346453","0.773082747289467","0.0098","Wheat","Grain crop"
"35","CO2_C","11","0.380196432600667","0.0866923119841679","0.668866510857258","0.0098","Vegetable","Grain crop"
"35","CO2_C","0",NA,NA,NA,"0.0098","CS","Grain crop"
"35","CO2_C","0",NA,NA,NA,"0.0098","CSW","Grain crop"
"35","CO2_C","29","0.224712021236153","0.0903852399157303","0.35725707396362","0.0098","Other","Grain crop"
"36","CH4_C","0",NA,NA,NA,NA,"Corn","Grain crop"
"36","CH4_C","0",NA,NA,NA,NA,"Soybean","Grain crop"
"36","CH4_C","0",NA,NA,NA,NA,"Wheat","Grain crop"
"36","CH4_C","0",NA,NA,NA,NA,"Vegetable","Grain crop"
"36","CH4_C","0",NA,NA,NA,NA,"CS","Grain crop"
"36","CH4_C","0",NA,NA,NA,NA,"CSW","Grain crop"
"36","CH4_C","25","0.690629673508938","0.50823140055022","0.877595040560318",NA,"Other","Grain crop"
"37","MBC_C","1","0.225904712755538","0.225904712755538","0.225904712755538","0","Corn","Grain crop"
"37","MBC_C","4","0.029514338391774","0.0237238771882122","0.0353047995953357","0","Soybean","Grain crop"
"37","MBC_C","24","0.202828814933103","0.176593272313986","0.228381934460434","0","Wheat","Grain crop"
"37","MBC_C","72","0.50681264334713","0.388125112794642","0.622876578355947","0","Vegetable","Grain crop"
"37","MBC_C","32","0.0807860270781039","-0.0531369813881781","0.209928322335651","0","CS","Grain crop"
"37","MBC_C","24","0.467949626460788","0.323020656578006","0.614944121729309","0","CSW","Grain crop"
"37","MBC_C","160","0.119092111000806","0.0765869718300731","0.162168825542374","0","Other","Grain crop"
"38","MBN_C","1","0.628608659422374","0.628608659422374","0.628608659422374","0.3232","Corn","Grain crop"
"38","MBN_C","0",NA,NA,NA,"0.3232","Soybean","Grain crop"
"38","MBN_C","29","0.262547198277885","0.128872699459368","0.39542406617808","0.3232","Wheat","Grain crop"
"38","MBN_C","60","0.184534017141184","0.103314239079122","0.265856868930631","0.3232","Vegetable","Grain crop"
"38","MBN_C","0",NA,NA,NA,"0.3232","CS","Grain crop"
"38","MBN_C","0",NA,NA,NA,"0.3232","CSW","Grain crop"
"38","MBN_C","93","0.247238881226722","0.180008124667755","0.314690392759611","0.3232","Other","Grain crop"
